date,open,close,high,low,volume
2009-12-16,16.364,16.477,18.069,16.364,206643.49
2009-12-17,15.75,14.973,15.819,14.83,85771.38
2009-12-18,14.66,14.864,14.932,14.08,57189.13
2009-12-21,14.67,14.85,15.164,14.578,37240.73
2009-12-22,14.762,13.637,14.827,13.62,46726.71
2009-12-23,13.654,13.835,13.978,13.456,31614.11
2009-12-24,13.719,14.029,14.152,13.299,49706.27
2009-12-25,13.875,13.869,14.073,13.739,30314.08
2009-12-28,13.91,15.256,15.256,13.869,64064.46
2009-12-29,15.679,16.108,16.589,15.375,95811.59
2009-12-30,16.091,16.402,16.633,15.866,59299.15
2009-12-31,16.357,17.448,18.035,16.187,71578.67
2010-01-04,17.489,18.093,18.41,17.489,64716.73
2010-01-05,18.41,17.898,18.604,17.489,56046.93
2010-01-06,18.001,18.004,18.57,17.803,44417.32
2010-01-07,17.881,19.262,19.804,17.881,87467.83
2010-01-08,19.091,19.743,19.903,18.938,47022.91
2010-01-11,19.296,20.312,20.499,18.955,42441.45
2010-01-12,20.101,19.807,20.455,19.466,34491.59
2010-01-13,19.279,18.955,19.876,18.938,47184.39
2010-01-14,18.863,19.023,19.357,18.863,34082.67
2010-01-15,19.003,19.057,19.194,18.301,35702.62
2010-01-18,18.938,19.671,19.739,18.887,39377.72
2010-01-19,19.688,18.928,19.692,18.682,29571.88
2010-01-20,18.751,17.738,18.955,17.626,29124.94
2010-01-21,18.028,18.171,18.369,17.557,20900.61
2010-01-22,17.837,17.353,18.035,16.746,27733.9
2010-01-25,17.046,16.944,17.452,16.882,11458.75
2010-01-26,16.991,17.179,17.377,16.957,12647.53
2010-01-27,17.182,18.001,18.151,17.182,21199.18
2010-01-28,17.704,18.069,18.069,17.455,15907.9
2010-01-29,17.929,17.881,18.41,17.612,20379.7
2010-02-01,17.857,17.049,17.857,16.903,22028.59
2010-02-02,17.039,16.262,17.312,16.228,19789.54
2010-02-04,16.712,17.888,17.888,16.705,39949.97
2010-02-05,17.564,16.712,18.56,16.473,42400.49
2010-02-08,16.364,16.61,17.199,16.197,16462.64
2010-02-09,16.269,15.989,16.466,15.894,12737.8
2010-02-10,16.187,16.357,16.531,16.023,6401.33
2010-02-11,16.364,16.746,16.896,16.197,10085.13
2010-02-12,16.79,17.438,17.66,16.79,11969.1
2010-02-22,17.339,17.131,17.404,16.835,8162.82
2010-02-23,17.111,16.869,17.227,16.722,6835.86
2010-02-24,16.869,17.124,17.418,16.668,9592.6
2010-02-25,17.343,17.718,17.83,17.148,14529.03
2010-02-26,17.728,18.001,18.505,17.724,22884.85
2010-03-01,18.062,18.062,18.168,17.626,18835.17
2010-03-02,18.062,18.13,18.297,17.84,10473.01
2010-03-03,18.236,18.341,18.805,17.936,15088.16
2010-03-04,18.682,17.663,18.682,17.619,11941.8
2010-03-05,17.663,17.233,17.885,17.169,12197.12
2010-03-08,17.114,17.319,17.387,17.022,14219.71
2010-03-09,17.319,17.148,17.523,17.046,6108.88
2010-03-10,17.247,17.203,17.585,17.046,8678.74
2010-03-11,17.046,16.654,17.285,16.432,12986.15
2010-03-12,16.657,16.565,16.978,16.364,8826.03
2010-03-15,16.702,16.76,17.148,16.698,16730.59
2010-03-16,16.535,16.535,16.705,16.166,39725.77
2010-03-17,16.541,17.053,17.121,16.364,29055.8
2010-03-18,17.097,17.557,17.721,16.985,31304.84
2010-03-19,17.472,19.245,19.313,17.472,53436.08
2010-03-22,19.637,20.012,20.724,19.545,40589.34
2010-03-23,19.995,20.046,20.414,19.705,22618.94
2010-03-24,20.015,20.66,21.307,19.913,31233.02
2010-03-25,20.643,20.793,20.997,20.199,19739.93
2010-03-26,20.551,19.831,20.615,19.777,23430.93
2010-03-29,19.773,19.705,20.097,19.323,23626.81
2010-03-30,19.705,20.745,20.796,19.603,31158.12
2010-03-31,20.762,21.601,22.119,20.568,24510.36
2010-04-01,21.485,21.427,22.194,21.318,21729.76
2010-04-02,21.468,21.41,21.468,20.898,16442.85
2010-04-06,21.222,21.942,22.456,21.222,17761.36
2010-04-07,21.945,22.034,22.194,21.42,14337.18
2010-04-08,21.982,21.88,22.276,21.706,11450.08
2010-04-09,21.819,21.955,22.112,21.481,14627.38
2010-04-12,21.955,22.057,22.286,21.584,12329.78
2010-04-13,22.023,20.404,22.16,20.285,24522.6
2010-04-14,19.961,20.697,20.892,19.961,11042.8
2010-04-16,20.626,21.682,21.918,19.773,20673.71
2010-04-19,21.751,21.096,21.989,21.096,11963.03
2010-04-20,21.103,20.881,21.478,20.482,14509.11
2010-04-21,20.837,22.709,22.961,20.837,29009.86
2010-04-22,22.705,22.569,23.077,22.16,14933.3
2010-04-23,22.535,22.092,22.535,21.55,15545.59
2010-04-26,21.993,21.815,22.497,21.778,9400.61
2010-04-27,21.884,21.103,21.942,20.523,13808.23
2010-04-28,21.103,20.793,21.434,20.561,10161.82
2010-04-29,21.069,20.026,21.096,20.012,12722.55
2010-04-30,20.114,19.548,20.455,19.432,9500.67
2010-05-04,19.381,20.145,20.251,19.194,8904.95
2010-05-05,20.094,20.864,20.967,19.876,11007.15
2010-05-06,20.96,20.08,21.055,19.964,11960.21
2010-05-07,19.773,18.406,20.244,18.406,17164.07
2010-05-10,18.716,17.38,18.86,16.565,29833.51
2010-05-11,17.779,17.319,17.898,16.91,11418.58
2010-05-12,17.221,16.414,17.472,16.145,14968.56
2010-05-14,17.266,18.055,18.055,16.665,37261.5
2010-05-17,18.145,17.49,18.503,17.041,23001.33
2010-05-18,17.49,17.351,17.665,16.593,16867.77
2010-05-19,17.261,17.633,18.118,16.907,9443.31
2010-05-20,18.006,18.297,18.79,17.75,25493.1
2010-05-21,17.58,19.06,19.149,17.311,25852.55
2010-05-24,19.261,19.768,20.584,19.261,22900.07
2010-05-25,19.643,19.768,20.266,19.284,17527.36
2010-05-26,19.768,20.158,20.293,19.508,13216.52
2010-05-27,20.113,20.903,21.033,19.849,17186.86
2010-05-28,20.934,20.755,21.158,20.517,13817.73
2010-05-31,20.634,19.575,20.853,19.508,19733.13
2010-06-01,19.575,19.728,19.997,18.934,19041.76
2010-06-02,19.643,19.217,19.643,18.768,13406.26
2010-06-03,19.396,18.701,19.553,18.701,15964.73
2010-06-04,18.656,18.925,19.06,18.207,9328.97
2010-06-07,18.481,18.441,18.817,18.118,13220.49
2010-06-08,18.477,18.97,18.97,18.163,14711.25
2010-06-09,19.06,19.687,19.835,19.06,22037.7
2010-06-10,19.678,19.773,19.979,19.495,11203.99
2010-06-11,19.822,19.786,19.956,19.373,11195.09
2010-06-17,19.956,18.163,20.064,17.849,28956.26
2010-06-18,18.163,17.019,18.387,16.728,26886.66
2010-06-21,17.58,18.015,18.387,17.333,25402.85
2010-06-22,18.109,18.342,18.826,17.539,26853.39
2010-06-23,17.947,18.212,18.288,17.535,16409.2
2010-06-24,17.956,18.409,18.521,17.853,11468.16
2010-06-25,17.983,17.804,18.459,17.584,7097.66
2010-06-28,17.804,17.436,17.938,17.14,7859.3
2010-06-29,17.58,16.548,17.58,16.454,11810.92
2010-06-30,16.66,16.526,16.817,16.396,9878.27
2010-07-01,16.517,15.687,16.768,15.391,12748.54
2010-07-02,15.687,14.979,15.831,14.216,28796.2
2010-07-05,14.754,14.261,14.754,13.97,18133.14
2010-07-06,14.27,14.553,14.71,14.082,17902.75
2010-07-07,14.485,15.068,15.405,14.355,18779.3
2010-07-08,15.068,14.606,15.068,14.405,14695.96
2010-07-09,14.553,15.288,15.449,14.463,22454.59
2010-07-12,15.337,15.898,15.92,15.337,19098.0
2010-07-13,15.988,15.203,15.988,15.059,15793.31
2010-07-14,15.427,15.198,15.642,15.158,9010.68
2010-07-15,15.023,14.566,15.396,14.53,9433.82
2010-07-16,14.476,14.741,14.75,14.306,8941.0
2010-07-19,14.351,14.893,15.05,14.351,10442.21
2010-07-20,14.866,15.472,15.485,14.866,14617.49
2010-07-21,15.472,15.494,15.875,15.319,14099.4
2010-07-22,15.472,15.88,15.92,15.27,15909.16
2010-07-23,15.916,15.732,16.055,15.575,11872.85
2010-07-26,15.732,15.893,15.911,15.427,15287.84
2010-07-27,15.781,15.651,15.822,15.494,13309.12
2010-07-28,15.674,16.041,16.23,15.606,22345.67
2010-07-29,16.041,16.198,16.275,15.862,21597.29
2010-07-30,16.458,17.041,17.799,16.45,37584.69
2010-08-02,16.952,17.154,17.266,16.907,20821.72
2010-08-03,17.221,16.799,17.624,16.799,22395.59
2010-08-04,16.947,16.79,17.033,16.324,24262.25
2010-08-05,16.746,16.678,17.019,16.463,14734.34
2010-08-06,16.642,17.49,17.557,16.548,22909.3
2010-08-09,17.485,18.14,18.163,17.311,29044.0
2010-08-10,17.983,17.4,18.207,17.4,24586.81
2010-08-11,17.391,17.544,17.885,17.355,12090.94
2010-08-12,17.494,17.041,17.535,17.037,15517.1
2010-08-13,16.947,17.257,17.261,16.795,9873.64
2010-08-16,17.261,17.71,17.88,17.113,17609.19
2010-08-17,17.75,17.521,17.929,17.409,16432.13
2010-08-18,17.62,17.346,17.925,17.113,24668.58
2010-08-19,17.046,17.279,17.472,17.041,15049.51
2010-08-20,17.23,16.571,17.252,16.436,22419.27
2010-08-23,16.544,16.49,16.728,16.463,9771.87
2010-08-24,16.49,16.606,16.728,16.346,11288.52
2010-08-25,16.544,16.198,16.575,16.145,11599.7
2010-08-26,16.288,16.293,16.414,15.992,7849.0
2010-08-27,16.319,16.593,16.647,16.203,7529.0
2010-08-30,17.037,17.553,17.714,17.033,31422.0
2010-08-31,17.445,17.795,17.916,17.27,28594.0
2010-09-01,17.88,17.068,17.929,16.952,23855.0
2010-09-02,17.302,17.337,17.624,17.122,12965.0
2010-09-03,17.337,17.768,17.804,17.337,27061.0
2010-09-06,18.006,17.862,18.073,17.62,24953.0
2010-09-07,17.885,19.239,19.508,17.885,47879.0
2010-09-08,19.082,20.181,20.396,18.844,48879.0
2010-09-09,20.158,19.728,20.405,19.373,32872.0
2010-09-10,19.732,19.741,19.988,19.508,15923.0
2010-09-13,19.916,19.912,20.45,19.858,29793.0
2010-09-14,19.956,19.441,20.181,19.199,27775.0
2010-09-15,19.333,19.248,19.8,18.835,23436.0
2010-09-16,19.23,18.58,19.23,18.387,15734.0
2010-09-17,18.701,18.938,19.486,18.342,16672.0
2010-09-20,19.239,18.844,19.248,18.701,10589.0
2010-09-21,18.97,19.051,19.19,18.746,6470.0
2010-09-27,19.239,19.732,19.912,19.055,17739.0
2010-09-28,19.746,19.329,19.746,19.311,10399.0
2010-09-29,19.329,18.822,19.696,18.75,17757.0
2010-09-30,18.611,18.804,18.97,18.387,7445.0
2010-10-08,19.015,18.952,19.055,18.611,15615.0
2010-10-11,18.97,18.423,19.163,18.387,20186.0
2010-10-12,18.409,17.624,18.562,17.49,29236.0
2010-10-13,17.723,18.163,18.163,17.49,17876.0
2010-10-14,18.163,18.073,18.163,17.678,20864.0
2010-10-15,18.073,17.127,18.118,16.772,32781.0
2010-10-18,17.041,16.84,17.203,15.844,37514.0
2010-10-19,16.683,17.203,17.468,16.683,16409.0
2010-10-20,16.997,16.992,17.472,16.458,19626.0
2010-10-21,17.019,17.4,17.414,16.929,17240.0
2010-10-22,17.49,17.45,17.624,17.216,12761.0
2010-10-25,17.714,18.364,18.441,17.494,24245.0
2010-10-26,18.387,19.104,19.239,18.387,28958.0
2010-10-27,19.23,18.979,19.728,18.835,23590.0
2010-10-28,18.979,18.701,19.261,18.571,11988.0
2010-10-29,18.656,19.06,19.109,18.656,12038.0
2010-11-01,19.284,19.243,19.553,19.118,15527.0
2010-11-02,19.311,19.53,19.858,19.149,21492.0
2010-11-03,19.463,19.104,19.844,19.104,16196.0
2010-11-04,18.97,20.055,20.082,18.759,30049.0
2010-11-05,20.037,20.593,21.167,19.795,49333.0
2010-11-08,20.593,21.593,21.966,20.575,31435.0
2010-11-09,21.616,23.647,23.755,21.616,59480.0
2010-11-10,23.32,22.297,23.961,22.244,39906.0
2010-11-11,22.266,21.755,22.468,21.75,23718.0
2010-11-12,21.696,20.764,22.504,20.185,29071.0
2010-11-15,20.45,21.158,21.212,19.732,16251.0
2010-11-16,21.069,19.777,21.069,19.418,23511.0
2010-11-17,19.71,19.4,20.459,19.212,20780.0
2010-11-18,19.418,19.997,20.127,19.172,28455.0
2010-11-19,20.087,19.934,20.087,19.436,17400.0
2010-11-22,19.723,20.625,20.629,19.634,21216.0
2010-11-23,20.539,20.176,20.629,19.683,14739.0
2010-11-24,19.907,20.84,20.853,19.8,10981.0
2010-11-25,20.862,21.122,21.961,20.656,18888.0
2010-11-26,21.279,21.14,21.477,20.831,15866.0
2010-11-29,21.163,20.499,21.163,20.185,13170.0
2010-11-30,20.45,19.575,20.62,19.194,12422.0
2010-12-01,19.481,19.373,19.813,19.311,6282.0
2010-12-02,19.598,20.181,20.248,19.598,17302.0
2010-12-03,20.181,19.871,20.226,19.557,6666.0
2010-12-06,19.732,19.535,19.956,19.297,5551.0
2010-12-07,19.459,19.593,19.678,18.947,10418.0
2010-12-08,19.723,19.912,20.001,19.329,12612.0
2010-12-09,19.84,19.472,19.84,19.369,8864.0
2010-12-10,19.382,19.602,19.714,19.288,4307.0
2010-12-13,19.777,20.418,20.49,19.777,18112.0
2010-12-14,20.279,20.943,21.073,20.243,16189.0
2010-12-15,21.015,20.8,21.212,20.674,17269.0
2010-12-16,20.687,20.418,21.001,20.315,14377.0
2010-12-17,20.418,20.616,20.746,20.302,7190.0
2010-12-20,20.71,20.046,20.764,19.284,11231.0
2010-12-21,20.091,20.113,20.315,20.006,9517.0
2010-12-22,20.091,19.956,20.293,19.777,8202.0
2010-12-23,19.956,19.261,19.956,19.23,11808.0
2010-12-24,19.423,18.521,19.602,18.512,9641.0
2010-12-27,18.961,17.849,18.965,17.714,18068.0
2010-12-28,17.849,17.127,17.934,17.077,13208.0
2010-12-29,17.127,16.952,17.306,16.593,16758.0
2010-12-30,16.952,17.033,17.154,16.822,14436.0
2010-12-31,17.068,17.58,17.71,17.006,17578.0
2011-01-04,17.696,17.418,17.696,17.198,23213.0
2011-01-05,17.4,17.261,17.4,16.997,19407.0
2011-01-06,17.176,17.297,17.324,17.041,10867.0
2011-01-07,17.306,17.62,17.705,17.136,18823.0
2011-01-10,17.669,17.714,18.158,17.494,21419.0
2011-01-11,17.723,17.503,17.903,17.212,10531.0
2011-01-12,17.71,17.015,17.71,16.593,11963.0
2011-01-13,17.041,16.853,17.077,16.602,9652.0
2011-01-14,16.647,16.234,16.759,16.225,9541.0
2011-01-17,16.145,15.602,16.145,15.499,8735.0
2011-01-18,15.476,15.656,15.826,15.472,4766.0
2011-01-19,15.642,15.943,16.001,15.539,6480.0
2011-01-20,16.023,15.476,16.028,15.427,5661.0
2011-01-21,15.651,15.606,15.813,15.463,5012.0
2011-01-24,15.611,15.66,15.871,15.611,5075.0
2011-01-25,15.665,15.225,15.674,15.028,4320.0
2011-01-26,15.517,15.458,15.517,15.248,3894.0
2011-01-27,15.301,15.92,15.92,15.252,6338.0
2011-01-28,15.925,15.875,15.925,15.665,5666.0
2011-01-31,15.92,15.745,15.92,15.741,9931.0
2011-02-01,15.75,15.642,15.871,15.4,6603.0
2011-02-09,15.562,15.517,15.732,15.382,3606.0
2011-02-10,15.449,15.911,16.023,15.261,6757.0
2011-02-11,15.929,16.988,17.086,15.858,18455.0
2011-02-14,16.992,16.889,17.212,16.75,14518.0
2011-02-15,16.862,16.817,17.198,16.817,12032.0
2011-02-16,16.768,17.252,17.324,16.638,17948.0
2011-02-17,17.257,17.064,17.346,16.92,11606.0
2011-02-18,17.064,17.064,17.221,16.889,9562.0
2011-02-21,16.826,17.804,17.983,16.728,27890.0
2011-02-22,17.719,17.476,18.104,17.279,15435.0
2011-02-23,17.485,17.176,17.485,17.086,10861.0
2011-02-24,17.176,17.041,17.432,16.911,9522.0
2011-02-25,17.216,17.243,17.266,16.759,8281.0
2011-02-28,17.266,17.311,17.4,17.077,6970.0
2011-03-01,17.311,17.221,17.355,17.14,9449.0
2011-03-02,17.207,16.862,17.207,16.728,12956.0
2011-03-03,16.862,16.638,17.024,16.463,7849.0
2011-03-04,16.593,16.692,16.768,16.49,5359.0
2011-03-07,16.719,16.894,17.037,16.719,7463.0
2011-03-08,16.997,16.862,17.033,16.781,9951.0
2011-03-09,16.862,16.871,16.947,16.768,7839.0
2011-03-10,16.885,17.355,17.58,16.772,19881.0
2011-03-11,17.176,17.683,17.938,17.176,28853.0
2011-03-14,17.633,17.633,17.835,17.36,12813.0
2011-03-15,17.692,17.261,17.723,16.62,11367.0
2011-03-16,17.118,17.23,17.459,17.05,7216.0
2011-03-17,17.131,16.84,17.131,16.826,6464.0
2011-03-18,16.849,16.974,17.414,16.849,7279.0
2011-03-21,16.952,17.342,17.934,16.862,9149.0
2011-03-22,17.58,17.517,17.885,17.342,13892.0
2011-03-23,17.517,17.387,17.58,17.203,8590.0
2011-03-24,17.396,16.674,17.468,16.589,28965.0
2011-03-25,16.692,16.696,17.109,16.593,22774.0
2011-03-28,16.701,15.696,16.772,15.517,51151.0
2011-03-29,15.651,15.382,15.692,15.333,16557.0
2011-03-30,15.382,14.665,15.562,14.378,30359.0
2011-03-31,14.651,14.817,14.889,14.575,11273.0
2011-04-01,14.916,14.934,14.974,14.714,7627.0
2011-04-06,14.934,14.57,14.952,14.508,12298.0
2011-04-07,14.642,14.705,14.705,14.49,8717.0
2011-04-08,14.71,14.938,14.988,14.606,10348.0
2011-04-11,14.997,14.889,15.001,14.835,9227.0
2011-04-12,15.028,14.75,15.091,14.642,18372.0
2011-04-13,14.647,14.929,15.01,14.642,18369.0
2011-04-14,14.92,14.687,14.92,14.656,16390.0
2011-04-15,14.692,14.517,14.772,14.431,16149.0
2011-04-18,14.53,14.445,14.66,14.427,11468.0
2011-04-19,14.396,14.275,14.485,14.216,11732.0
2011-04-20,14.292,14.584,14.638,14.292,11002.0
2011-04-21,14.732,14.53,14.732,14.494,10600.0
2011-04-22,14.548,14.575,14.624,14.342,11881.0
2011-04-25,14.579,14.373,14.62,14.319,8381.0
2011-04-26,14.396,14.127,14.476,14.127,8524.0
2011-04-27,14.261,14.373,14.562,14.252,12144.0
2011-04-28,14.396,14.23,14.562,14.171,8349.0
2011-04-29,14.171,13.297,14.171,13.005,21039.0
2011-05-03,13.297,13.221,13.36,13.068,8248.0
2011-05-04,13.221,12.817,13.221,12.781,10044.0
2011-05-05,12.853,12.925,13.001,12.839,5165.0
2011-05-06,12.947,12.813,12.947,12.696,7014.0
2011-05-09,12.808,12.996,13.095,12.741,5677.0
2011-05-10,13.005,13.073,13.091,12.916,5393.0
2011-05-11,13.113,13.055,13.135,12.983,4818.0
2011-05-12,13.023,12.826,13.023,12.817,6025.0
2011-05-13,12.83,13.095,13.109,12.83,4493.0
2011-05-16,13.091,13.01,13.095,13.005,3872.0
2011-05-17,13.001,12.929,13.05,12.781,4254.0
2011-05-19,13.028,12.938,13.122,12.916,3028.0
2011-05-20,12.902,12.839,13.005,12.808,3362.0
2011-05-23,12.844,12.234,12.916,12.23,6392.0
2011-05-24,12.149,12.064,12.297,11.772,6540.0
2011-05-25,12.05,11.808,12.113,11.808,4479.0
2011-05-26,11.817,11.768,11.943,11.768,3911.0
2011-05-27,11.759,11.983,12.077,11.759,7878.0
2011-05-30,11.983,11.907,12.055,11.884,4587.0
2011-05-31,11.974,12.028,12.041,11.799,4782.0
2011-06-01,12.037,12.032,12.073,11.929,4216.0
2011-06-02,12.019,11.884,12.023,11.759,6679.0
2011-06-03,11.916,12.198,12.265,11.889,7290.0
2011-06-07,12.283,12.342,12.386,12.104,5947.0
2011-06-08,12.238,12.62,12.687,12.234,9587.0
2011-06-09,12.826,12.961,13.185,12.826,15446.0
2011-06-10,12.69,12.492,12.697,12.104,12022.0
2011-06-13,12.309,12.016,12.309,11.803,10147.0
2011-06-14,11.957,12.038,12.147,11.818,8851.0
2011-06-15,12.03,11.869,12.133,11.796,7360.0
2011-06-16,11.51,11.525,11.723,11.503,7559.0
2011-06-17,11.635,10.99,11.635,10.99,11815.0
2011-06-20,11.063,10.609,11.107,10.543,10075.0
2011-06-21,10.682,10.719,10.726,10.44,7720.0
2011-06-22,10.719,10.528,10.733,10.404,6550.0
2011-06-23,10.389,10.865,10.953,10.367,11179.0
2011-06-27,11.466,11.95,11.95,11.21,27681.0
2011-06-28,12.382,11.869,12.441,11.781,50150.0
2011-06-29,11.781,11.561,11.979,11.561,20689.0
2011-06-30,11.561,11.723,11.869,11.561,14557.0
2011-07-01,11.686,11.642,11.81,11.591,11047.0
2011-07-04,11.708,11.84,11.854,11.613,15132.0
2011-07-05,11.84,11.964,11.979,11.759,17405.0
2011-07-06,11.913,11.979,11.979,11.788,12633.0
2011-07-07,11.832,12.008,12.191,11.832,19457.0
2011-07-08,12.03,12.367,12.602,12.03,40413.0
2011-07-11,12.243,12.404,12.463,12.016,23080.0
2011-07-12,12.199,11.95,12.235,11.95,19428.0
2011-07-13,11.928,12.096,12.169,11.818,17750.0
2011-07-14,12.221,12.169,12.228,12.016,18003.0
2011-07-15,12.235,12.419,12.477,12.126,26608.0
2011-07-18,12.697,12.404,12.88,12.331,25241.0
2011-07-19,12.257,12.565,12.602,12.089,22028.0
2011-07-20,12.528,12.88,12.887,12.521,30324.0
2011-07-21,12.895,12.572,13.085,12.536,28759.0
2011-07-22,12.675,12.426,12.756,12.397,14619.0
2011-07-25,12.301,11.591,12.301,11.576,22086.0
2011-07-26,11.591,11.473,11.649,11.32,10239.0
2011-07-27,11.481,11.613,11.693,11.364,9705.0
2011-07-28,11.539,11.466,11.539,11.268,12138.0
2011-07-29,11.378,11.422,11.671,11.378,8263.0
2011-08-01,11.429,11.188,11.429,11.173,19834.0
2011-08-02,11.202,11.503,11.561,11.122,22930.0
2011-08-03,11.356,11.942,12.001,11.32,25829.0
2011-08-04,11.796,11.942,12.111,11.796,15935.0
2011-08-05,11.532,11.503,11.598,11.21,13088.0
2011-08-08,11.32,10.602,11.342,10.404,14909.0
2011-08-09,10.265,10.367,10.477,9.891,22299.0
2011-08-10,10.58,10.411,10.77,10.404,18465.0
2011-08-11,10.257,10.55,10.594,10.111,15201.0
2011-08-12,10.624,10.777,11.136,10.594,19204.0
2011-08-15,10.814,11.041,11.056,10.807,11385.0
2011-08-16,11.049,11.122,11.349,11.041,17640.0
2011-08-17,11.07,11.056,11.188,10.895,8874.0
2011-08-18,11.136,10.697,11.136,10.697,13177.0
2011-08-19,10.44,10.499,10.616,10.301,12196.0
2011-08-22,10.58,10.55,10.726,10.44,10252.0
2011-08-23,10.587,10.748,10.777,10.55,21999.0
2011-08-24,10.77,11.063,11.144,10.77,30157.0
2011-08-25,11.063,11.21,11.246,10.917,24282.0
2011-08-26,11.21,11.686,11.854,11.122,42089.0
2011-08-29,11.51,11.408,11.679,11.32,29121.0
2011-08-30,11.422,11.078,11.613,11.027,34145.0
2011-08-31,11.034,11.122,11.195,10.931,13718.0
2011-09-01,11.122,10.975,11.202,10.931,13091.0
2011-09-02,11.063,10.836,11.107,10.697,14063.0
2011-09-05,10.755,10.389,10.785,10.382,12972.0
2011-09-06,10.265,10.294,10.404,10.206,8944.0
2011-09-07,10.404,10.624,10.624,10.331,12490.0
2011-09-08,10.69,10.426,10.755,10.426,8128.0
2011-09-09,10.543,10.396,10.66,10.338,8993.0
2011-09-13,10.316,10.265,10.316,10.118,6979.0
2011-09-14,10.382,10.404,10.404,10.206,7625.0
2011-09-15,10.404,10.477,10.587,10.338,8250.0
2011-09-16,10.536,10.455,10.572,10.418,5570.0
2011-09-19,10.44,10.162,10.448,10.133,7309.0
2011-09-20,10.155,10.228,10.331,10.015,5927.0
2011-09-21,10.257,10.536,10.609,10.177,12696.0
2011-09-22,10.462,10.177,10.521,10.169,11964.0
2011-09-23,9.993,10.103,10.111,9.818,7429.0
2011-09-26,10.081,10.111,10.162,10.008,6539.0
2011-09-27,10.184,10.221,10.243,10.111,4908.0
2011-09-28,10.323,10.052,10.323,9.964,7602.0
2011-09-29,10.008,9.891,10.052,9.847,6422.0
2011-09-30,9.891,9.964,10.023,9.744,5273.0
2011-10-10,9.986,9.92,10.067,9.906,6419.0
2011-10-11,10.045,9.964,10.25,9.913,8086.0
2011-10-12,9.92,10.279,10.331,9.818,13209.0
2011-10-13,10.279,10.426,10.477,10.191,15122.0
2011-10-14,10.352,10.323,10.411,10.272,9849.0
2011-10-17,10.477,10.294,10.528,10.279,11815.0
2011-10-18,10.184,10.081,10.301,10.074,9932.0
2011-10-19,10.067,10.059,10.177,10.015,4591.0
2011-10-20,9.972,9.818,10.03,9.664,10280.0
2011-10-21,9.942,9.752,9.942,9.598,5031.0
2011-10-24,9.671,9.928,9.928,9.671,6847.0
2011-10-25,9.92,10.125,10.155,9.854,9038.0
2011-10-26,9.979,10.199,10.309,9.979,15083.0
2011-10-27,10.294,10.345,10.55,10.272,18733.0
2011-10-28,10.44,10.433,10.514,10.287,17146.0
2011-10-31,10.374,10.44,10.492,10.294,11995.0
2011-11-01,10.338,10.865,10.939,10.272,35583.0
2011-11-02,10.646,10.865,10.887,10.521,22957.0
2011-11-03,10.902,10.755,11.114,10.733,28543.0
2011-11-04,10.814,10.843,10.917,10.748,13899.0
2011-11-07,10.843,10.704,10.887,10.69,12999.0
2011-11-08,10.902,11.495,11.774,10.902,87004.0
2011-11-09,11.276,11.459,11.488,11.18,44022.0
2011-11-10,11.356,11.327,11.481,11.224,27915.0
2011-11-11,11.327,11.246,11.481,11.195,19206.0
2011-11-14,11.356,11.481,11.488,11.276,28038.0
2011-11-15,11.495,11.429,11.495,11.298,17053.0
2011-11-16,11.342,10.88,11.415,10.807,27290.0
2011-11-17,10.873,10.873,11.056,10.843,12055.0
2011-11-18,10.865,10.631,10.865,10.58,10476.0
2011-11-21,10.631,10.887,10.887,10.631,11383.0
2011-11-22,11.979,11.752,11.979,11.437,126186.0
2011-11-23,12.001,12.675,12.88,12.001,110282.0
2011-11-24,12.287,12.265,12.485,11.994,68987.0
2011-11-25,12.162,12.514,12.778,11.964,70525.0
2011-11-28,12.419,12.675,12.734,12.177,45016.0
2011-11-29,12.748,13.071,13.525,12.536,81868.0
2011-11-30,12.99,12.492,13.144,12.023,59761.0
2011-12-01,12.931,12.836,13.188,12.58,45845.0
2011-12-02,12.748,12.448,12.748,12.389,26460.0
2011-12-05,12.235,11.869,12.25,11.796,19148.0
2011-12-06,11.723,11.752,11.942,11.21,27640.0
2011-12-07,11.671,11.862,11.862,11.415,15767.0
2011-12-08,11.81,12.558,12.712,11.649,36569.0
2011-12-09,12.265,12.345,12.66,12.235,22685.0
2011-12-12,12.345,12.47,12.807,12.235,21851.0
2011-12-13,12.345,12.367,12.719,12.169,14509.0
2011-12-14,11.796,12.096,12.309,11.796,16744.0
2011-12-15,11.942,11.957,12.455,11.906,24310.0
2011-12-16,11.29,11.979,12.016,11.041,24810.0
2011-12-19,11.723,11.84,11.979,11.51,16843.0
2011-12-20,11.942,12.682,12.858,11.847,55083.0
2011-12-21,12.602,12.375,12.741,12.133,33019.0
2011-12-22,12.169,11.884,12.455,11.356,34467.0
2011-12-23,11.788,11.95,12.221,11.576,22402.0
2011-12-26,11.737,12.47,12.565,11.605,40712.0
2011-12-27,12.309,11.642,12.455,11.576,31789.0
2011-12-28,11.429,11.166,11.466,10.843,27439.0
2011-12-29,11.019,10.983,11.136,10.755,31520.0
2011-12-30,10.858,11.114,11.224,10.843,25373.0
2012-01-04,11.122,10.997,11.202,10.99,14396.0
2012-01-05,10.953,10.624,10.953,10.257,28408.0
2012-01-06,10.521,10.69,10.88,10.184,11164.0
2012-01-09,10.55,10.997,11.049,10.477,17264.0
2012-01-10,10.917,11.364,11.429,10.902,25596.0
2012-01-11,11.327,11.158,11.451,11.056,21699.0
2012-01-12,11.129,11.429,11.429,11.027,23871.0
2012-01-13,11.488,10.66,11.488,10.66,21689.0
2012-01-16,10.418,10.103,10.448,10.037,18510.0
2012-01-17,10.037,10.697,10.697,10.037,24698.0
2012-01-18,10.587,10.331,10.829,10.323,11818.0
2012-01-19,10.352,10.345,10.536,10.272,7066.0
2012-01-20,10.492,10.726,10.741,10.404,12883.0
2012-01-30,10.851,10.631,10.851,10.58,5638.0
2012-01-31,10.594,10.704,10.726,10.492,4658.0
2012-02-01,10.69,10.499,10.763,10.338,5909.0
2012-02-02,10.55,10.697,10.741,10.448,7086.0
2012-02-03,10.631,10.836,10.946,10.631,12308.0
2012-02-06,10.799,10.975,11.166,10.785,12151.0
2012-02-07,10.895,10.697,10.895,10.638,6382.0
2012-02-08,10.638,10.939,11.049,10.638,7759.0
2012-02-09,10.946,11.1,11.21,10.858,18031.0
2012-02-10,10.975,11.1,11.356,10.975,22764.0
2012-02-13,11.027,11.136,11.246,10.968,17354.0
2012-02-14,11.144,11.063,11.166,10.99,10634.0
2012-02-15,11.063,11.305,11.327,11.012,19570.0
2012-02-16,11.283,11.195,11.342,11.122,14641.0
2012-02-17,11.224,11.224,11.32,11.144,10081.0
2012-02-20,11.342,11.525,11.649,11.254,28238.0
2012-02-21,11.525,11.832,11.854,11.1,35118.0
2012-02-22,11.847,11.891,11.935,11.649,18807.0
2012-02-23,11.876,11.818,11.942,11.693,19125.0
2012-02-24,11.759,11.935,11.957,11.73,17641.0
2012-02-27,11.979,11.884,12.162,11.854,24768.0
2012-02-28,11.796,11.693,11.832,11.51,18347.0
2012-02-29,11.693,11.972,12.074,11.517,29103.0
2012-03-01,11.935,12.008,12.191,11.906,25850.0
2012-03-02,12.008,12.118,12.14,11.913,16341.0
2012-03-05,12.118,11.796,12.169,11.759,20861.0
2012-03-06,11.796,11.635,11.796,11.459,15164.0
2012-03-07,11.723,11.876,12.162,11.723,34774.0
2012-03-08,11.95,12.448,12.448,11.796,50939.0
2012-03-09,12.58,12.404,12.646,12.367,33802.0
2012-03-12,12.397,12.602,12.8,12.367,28441.0
2012-03-13,12.528,12.602,12.668,12.353,21488.0
2012-03-14,12.602,12.038,12.748,11.869,39094.0
2012-03-15,11.884,11.92,12.162,11.759,15248.0
2012-03-16,11.92,12.096,12.206,11.891,12453.0
2012-03-19,12.089,12.345,12.345,11.891,19473.0
2012-03-20,12.309,12.104,12.309,11.994,11879.0
2012-03-21,12.162,12.038,12.235,11.767,14308.0
2012-03-22,12.038,11.906,12.038,11.796,7702.0
2012-03-23,11.869,11.635,11.942,11.62,9762.0
2012-03-26,11.657,11.686,11.715,11.517,7126.0
2012-03-27,11.671,11.95,12.089,11.671,12905.0
2012-03-28,11.942,11.261,11.95,11.254,13863.0
2012-03-29,11.254,10.799,11.254,10.594,11433.0
2012-04-05,11.503,11.723,11.774,11.158,39109.0
2012-04-06,11.393,12.147,12.748,11.217,53407.0
2012-04-09,12.052,12.104,12.301,11.767,32742.0
2012-04-10,11.891,11.825,12.082,11.525,28501.0
2012-04-11,11.715,12.016,12.294,11.635,33224.0
2012-04-12,12.089,12.082,12.111,11.774,26103.0
2012-04-13,12.016,12.169,12.301,11.95,31614.0
2012-04-16,12.235,12.265,12.514,12.023,40023.0
2012-04-17,12.243,11.928,12.338,11.928,22356.0
2012-04-18,11.935,12.008,12.089,11.73,32361.0
2012-04-19,11.847,11.701,11.994,11.649,33537.0
2012-04-20,11.906,11.854,12.067,11.723,34913.0
2012-04-23,11.649,11.144,11.84,10.983,46156.0
2012-04-24,11.056,11.393,11.532,10.953,34501.0
2012-04-25,11.541,11.521,11.874,11.394,57631.0
2012-04-26,11.297,11.971,12.05,10.954,63868.0
2012-05-02,11.962,11.629,11.962,11.443,48128.0
2012-05-03,11.57,11.443,11.668,11.365,26558.0
2012-05-04,11.404,11.443,11.531,11.394,19521.0
2012-05-07,11.257,11.404,11.443,11.248,17792.0
2012-05-08,11.394,11.482,11.58,11.345,24379.0
2012-05-09,11.531,11.482,11.609,11.345,22123.0
2012-05-10,11.473,11.287,11.57,11.257,19193.0
2012-05-11,11.297,11.003,11.375,10.974,21942.0
2012-05-14,11.062,10.964,11.16,10.964,15038.0
2012-05-15,10.807,10.837,10.896,10.602,17518.0
2012-05-16,10.827,10.886,10.993,10.71,15077.0
2012-05-17,10.896,11.13,11.169,10.896,19168.0
2012-05-18,10.964,10.954,11.297,10.925,20302.0
2012-05-21,10.954,10.7,10.954,10.573,19221.0
2012-05-22,10.759,10.827,10.856,10.71,9828.0
2012-05-23,10.827,10.465,10.925,10.397,23398.0
2012-05-24,10.465,10.27,10.553,10.172,20595.0
2012-05-25,10.289,10.133,10.299,10.084,15479.0
2012-05-28,10.084,10.279,10.289,10.025,13723.0
2012-05-29,10.289,10.416,10.534,10.133,25921.0
2012-05-30,10.367,10.426,10.455,10.328,16916.0
2012-05-31,10.309,10.504,10.504,10.309,11657.0
2012-06-01,10.504,10.426,10.641,10.367,11204.0
2012-06-04,10.172,9.937,10.26,9.927,15166.0
2012-06-05,9.966,10.045,10.084,9.908,7956.0
2012-06-06,10.074,10.025,10.094,9.927,6706.0
2012-06-07,10.074,9.898,10.142,9.888,6755.0
2012-06-08,10.005,9.927,10.064,9.898,7647.0
2012-06-11,9.996,10.054,10.094,9.829,8619.0
2012-06-12,10.045,9.966,10.113,9.927,5512.0
2012-06-13,9.996,10.113,10.113,9.957,7321.0
2012-06-14,10.123,10.005,10.172,9.996,8886.0
2012-06-15,10.025,10.123,10.182,9.996,7812.0
2012-06-18,10.182,10.201,10.289,10.142,9443.0
2012-06-19,10.25,10.123,10.25,10.074,5907.0
2012-06-20,10.142,10.113,10.24,10.084,6325.0
2012-06-21,10.113,9.878,10.113,9.839,9146.0
2012-06-25,10.866,10.866,10.866,10.866,30593.0
2012-06-26,11.952,11.952,11.952,11.952,45756.0
2012-06-27,13.145,13.145,13.145,13.106,289666.0
2012-06-28,13.145,12.177,13.213,12.167,270016.0
2012-06-29,12.02,11.913,12.157,11.59,181664.0
2012-07-02,11.854,11.932,12.079,11.59,146798.0
2012-07-03,11.815,12.177,12.91,11.746,280435.0
2012-07-04,12.108,11.844,12.108,11.658,145519.0
2012-07-05,11.678,11.15,11.678,10.984,115504.0
2012-07-06,11.208,11.424,11.561,11.111,109445.0
2012-07-09,11.238,11.512,12.235,11.15,154321.0
2012-07-10,11.15,10.68,11.15,10.612,98701.0
2012-07-11,10.367,10.651,10.866,10.27,49014.0
2012-07-12,10.514,10.866,11.003,10.504,50014.0
2012-07-13,10.856,10.925,11.238,10.592,71171.0
2012-07-16,10.847,10.563,11.297,10.563,81662.0
2012-07-17,10.27,11.619,11.619,10.152,178450.0
2012-07-18,11.59,12.323,12.695,11.512,277213.0
2012-07-19,11.913,12.617,12.852,11.756,235730.0
2012-07-20,12.314,12.539,12.989,12.235,199252.0
2012-07-23,12.343,13.791,13.791,12.245,276634.0
2012-07-24,14.133,14.084,15.17,13.986,398337.0
2012-07-25,14.182,14.338,15.052,13.869,318821.0
2012-07-26,13.976,13.35,14.074,13.057,248530.0
2012-07-27,13.399,12.812,13.448,12.607,140457.0
2012-07-30,12.685,12.118,12.793,11.854,110777.0
2012-07-31,12.079,12.245,12.5,12.059,119777.0
2012-08-01,12.089,12.138,12.49,11.834,138828.0
2012-08-02,12.079,12.91,13.086,11.844,247257.0
2012-08-03,12.617,13.057,13.536,12.441,222423.0
2012-08-06,12.773,13.106,13.566,12.617,174516.0
2012-08-07,13.018,13.595,14.015,12.793,222408.0
2012-08-08,13.302,12.93,13.507,12.861,146364.0
2012-08-09,12.764,13.262,13.654,12.519,181457.0
2012-08-10,13.067,12.842,13.302,12.832,102367.0
2012-08-13,12.715,12.402,12.989,12.363,71888.0
2012-08-14,12.333,12.627,12.754,11.903,87599.0
2012-08-15,12.47,12.265,12.715,12.245,50234.0
2012-08-16,12.284,12.5,12.646,12.108,51915.0
2012-08-17,12.372,12.343,12.5,12.226,38356.0
2012-08-20,12.333,12.685,12.812,12.206,72131.0
2012-08-21,12.676,12.871,12.891,12.5,72468.0
2012-08-22,12.764,12.323,12.959,12.284,69795.0
2012-08-23,12.323,12.216,12.5,12.128,59245.0
2012-08-24,12.128,12.079,12.509,12.03,50017.0
2012-08-27,12.069,11.815,12.187,11.766,41174.0
2012-08-28,11.883,11.952,12.05,11.834,34465.0
2012-08-29,11.952,12.187,12.519,11.639,72466.0
2012-08-30,11.981,11.825,12.353,11.424,54579.0
2012-08-31,11.825,11.854,12.01,11.492,40349.0
2012-09-03,11.737,11.971,12.04,11.649,34245.0
2012-09-04,11.893,12.03,12.304,11.893,57561.0
2012-09-05,12.226,12.607,12.959,12.089,111320.0
2012-09-06,12.421,12.578,12.666,12.382,57166.0
2012-09-07,12.676,12.891,13.155,12.49,107307.0
2012-09-10,12.891,12.764,12.891,12.539,75317.0
2012-09-11,12.627,12.998,13.35,12.627,111232.0
2012-09-12,12.959,13.341,13.536,12.734,148381.0
2012-09-13,13.155,12.578,13.233,12.578,107359.0
2012-09-14,12.656,12.441,12.724,12.343,50834.0
2012-09-17,12.636,12.284,12.812,12.284,47727.0
2012-09-18,12.089,12.128,12.323,11.883,29746.0
2012-09-19,12.03,12.206,12.431,12.01,29966.0
2012-09-20,12.275,11.639,12.275,11.639,36432.0
2012-09-21,11.649,11.394,11.786,11.345,29460.0
2012-09-24,11.306,11.453,11.521,11.248,21744.0
2012-09-25,11.502,11.081,11.502,10.954,32232.0
2012-09-26,11.003,10.573,11.101,10.543,25389.0
2012-09-27,10.563,10.866,10.915,10.465,26756.0
2012-09-28,10.759,10.993,11.003,10.671,22437.0
2012-10-08,11.042,11.101,11.277,10.964,24193.0
2012-10-09,11.032,11.316,11.375,10.993,28831.0
2012-10-10,11.238,11.658,11.913,11.199,75076.0
2012-10-11,11.492,11.179,11.541,11.16,41945.0
2012-10-12,11.189,11.013,11.345,10.935,20882.0
2012-10-15,10.984,10.827,11.189,10.759,20164.0
2012-10-16,10.896,10.935,11.14,10.827,18822.0
2012-10-17,10.974,11.257,11.365,10.964,35328.0
2012-10-18,11.385,11.336,11.385,11.15,34041.0
2012-10-19,11.326,11.365,11.561,11.208,39111.0
2012-10-22,11.199,11.189,11.267,11.072,22482.0
2012-10-23,11.179,11.052,11.385,11.023,24211.0
2012-10-24,11.023,11.199,11.394,10.964,29246.0
2012-10-25,11.101,10.817,11.111,10.807,33943.0
2012-10-26,10.817,10.661,10.847,10.465,27363.0
2012-10-29,10.592,10.592,10.69,10.524,8431.0
2012-10-30,10.602,10.719,10.856,10.573,15238.0
2012-10-31,10.739,10.68,10.817,10.504,15917.0
2012-11-01,10.671,10.944,11.052,10.631,30906.0
2012-11-02,10.925,11.13,11.238,10.896,45270.0
2012-11-05,11.052,11.023,11.12,10.944,23002.0
2012-11-06,10.964,10.856,11.14,10.71,20267.0
2012-11-07,10.856,10.856,11.023,10.768,14523.0
2012-11-08,10.905,10.534,10.905,10.416,33040.0
2012-11-09,10.543,10.23,10.563,10.221,25716.0
2012-11-12,10.318,10.338,10.534,10.309,19712.0
2012-11-13,10.318,10.367,10.622,10.23,19737.0
2012-11-14,10.348,10.397,10.446,10.172,13846.0
2012-11-15,10.318,9.781,10.358,9.761,20593.0
2012-11-16,9.8,9.81,10.045,9.741,19833.0
2012-11-19,9.81,9.693,9.898,9.556,20295.0
2012-11-20,9.732,9.673,9.849,9.663,18231.0
2012-11-21,9.595,9.389,9.693,8.998,53836.0
2012-11-22,9.252,9.125,9.331,9.115,18694.0
2012-11-23,9.184,9.067,9.272,9.067,19448.0
2012-11-26,9.057,8.763,9.106,8.744,28607.0
2012-11-27,8.763,8.137,8.763,8.04,37871.0
2012-11-28,8.049,7.883,8.049,7.834,26776.0
2012-11-29,7.893,7.912,8.147,7.883,40577.0
2012-11-30,7.824,8.059,8.304,7.776,45193.0
2012-12-03,7.942,7.727,8.069,7.707,27072.0
2012-12-04,7.746,8.069,8.098,7.433,46294.0
2012-12-05,7.991,8.245,8.353,7.922,51718.0
2012-12-06,8.216,8.313,8.558,8.137,58882.0
2012-12-07,8.235,8.382,8.48,8.196,76014.0
2012-12-10,8.343,8.597,8.763,8.235,94641.0
2012-12-11,8.509,9.145,9.458,8.421,136049.0
2012-12-12,8.92,8.93,9.145,8.783,75195.0
2012-12-13,8.91,8.431,8.91,8.411,77753.0
2012-12-14,8.255,9.174,9.243,8.216,143056.0
2012-12-17,9.106,9.106,9.546,8.998,118644.0
2012-12-18,9.184,9.037,9.575,9.008,90964.0
2012-12-19,8.949,8.832,8.988,8.763,60773.0
2012-12-20,8.861,8.93,9.057,8.793,47490.0
2012-12-21,8.998,9.203,9.389,8.871,106405.0
2012-12-24,9.018,9.174,9.438,8.998,70510.0
2012-12-25,9.194,9.399,9.565,9.194,89094.0
2012-12-26,9.399,9.448,9.487,9.252,72506.0
2012-12-27,9.487,9.194,9.575,9.174,63113.0
2012-12-28,9.184,9.321,9.419,9.106,58883.0
2012-12-31,9.321,9.389,9.516,9.262,62524.0
2013-01-04,9.507,9.203,9.507,9.174,47026.0
2013-01-07,9.174,9.409,9.428,9.106,50451.0
2013-01-08,9.34,9.438,9.468,9.301,59519.0
2013-01-09,9.438,9.653,9.751,9.38,107095.0
2013-01-10,9.761,9.869,10.054,9.614,108617.0
2013-01-11,9.908,9.702,10.162,9.595,137988.0
2013-01-14,9.497,9.781,9.898,9.497,115034.0
2013-01-15,9.79,9.966,10.094,9.781,109746.0
2013-01-16,9.927,9.829,10.123,9.653,91361.0
2013-01-17,9.79,9.604,9.8,9.556,75734.0
2013-01-18,9.683,9.693,9.732,9.536,61055.0
2013-01-21,9.732,9.888,9.937,9.693,78253.0
2013-01-22,9.849,9.624,9.869,9.595,61582.0
2013-01-23,9.575,9.468,9.653,9.282,63959.0
2013-01-24,9.448,9.35,9.673,9.135,75155.0
2013-01-25,9.37,9.164,9.438,9.145,43329.0
2013-01-28,9.164,9.321,9.321,9.115,34619.0
2013-01-29,9.282,9.497,9.595,9.252,50892.0
2013-01-30,9.477,9.38,9.536,9.292,43672.0
2013-01-31,9.38,9.428,9.536,9.311,46038.0
2013-02-01,9.409,9.37,9.526,9.311,37412.0
2013-02-04,9.38,9.722,9.781,9.35,93558.0
2013-02-05,9.634,9.732,9.732,9.575,56981.0
2013-02-06,9.761,9.653,9.829,9.634,35322.0
2013-02-07,9.751,9.644,9.751,9.595,30294.0
2013-02-08,9.663,9.702,9.732,9.614,34660.0
2013-02-18,9.702,9.761,9.878,9.634,56031.0
2013-02-19,9.741,9.595,9.79,9.536,40455.0
2013-02-20,9.595,9.702,9.722,9.526,33681.0
2013-02-21,9.673,9.468,9.673,9.468,43180.0
2013-02-22,9.468,9.36,9.546,9.35,23237.0
2013-02-25,9.38,9.38,9.477,9.331,16744.0
2013-02-26,9.38,9.419,9.487,9.301,30661.0
2013-02-27,9.419,9.585,9.585,9.419,34160.0
2013-02-28,9.634,9.849,9.957,9.634,102602.0
2013-03-01,9.79,9.849,9.859,9.702,57726.0
2013-03-04,9.8,9.526,9.8,9.428,55535.0
2013-03-05,9.487,9.898,9.927,9.37,83512.0
2013-03-06,9.898,10.211,10.27,9.81,142592.0
2013-03-07,10.211,10.299,10.524,10.005,154515.0
2013-03-08,10.279,9.947,10.416,9.937,87455.0
2013-03-11,10.025,9.898,10.318,9.878,64423.0
2013-03-12,9.869,10.446,10.641,9.8,159504.0
2013-03-13,10.289,10.054,10.543,10.005,101938.0
2013-03-14,10.005,10.152,10.24,9.781,62046.0
2013-03-15,10.045,9.908,10.211,9.888,57040.0
2013-03-18,9.849,8.92,9.947,8.92,98071.0
2013-03-19,8.959,8.763,9.008,8.431,65208.0
2013-03-20,8.636,9.037,9.057,8.636,48223.0
2013-03-21,9.018,9.125,9.213,8.939,46875.0
2013-03-22,9.076,9.037,9.115,8.949,24964.0
2013-03-25,9.047,9.135,9.301,9.047,40708.0
2013-03-26,9.135,9.164,9.223,9.057,33981.0
2013-03-27,9.223,9.761,10.035,9.174,127336.0
2013-03-28,9.585,9.585,10.035,9.292,111176.0
2013-03-29,9.536,9.859,10.035,9.38,104852.0
2013-04-01,9.761,9.781,10.025,9.683,61380.0
2013-04-02,9.869,10.123,10.279,9.771,115125.0
2013-04-03,10.054,9.546,10.221,9.516,75335.0
2013-04-08,9.781,10.504,10.504,9.751,120287.0
2013-04-09,11.003,11.551,11.551,10.768,333941.0
2013-04-10,11.238,11.541,12.226,11.101,332491.0
2013-04-11,11.805,12.128,12.695,11.805,381457.0
2013-04-12,11.825,11.893,12.323,11.639,254028.0
2013-04-15,11.688,11.981,12.323,11.561,224314.0
2013-04-16,11.688,11.737,11.922,11.424,190740.0
2013-04-17,11.727,12.138,12.519,11.649,270054.0
2013-04-18,11.815,12.118,12.138,11.59,206152.0
2013-04-19,12.069,12.715,13.194,11.991,307472.0
2013-04-22,12.323,13.037,13.155,12.226,232147.0
2013-04-23,13.047,13.634,14.045,12.959,299272.0
2013-04-24,13.654,14.377,14.749,13.243,281311.0
2013-04-25,14.328,12.94,14.847,12.94,333204.0
2013-04-26,12.509,11.932,12.793,11.766,272067.0
2013-05-02,11.981,11.942,12.079,11.668,147188.0
2013-05-03,11.981,12.147,12.275,11.893,192824.0
2013-05-06,12.03,12.441,12.597,11.786,228464.0
2013-05-07,12.304,11.463,12.353,11.365,245195.0
2013-05-08,11.463,11.678,11.805,11.463,150767.0
2013-05-09,11.619,11.561,11.776,11.248,155487.0
2013-05-10,11.443,11.336,11.521,11.062,198746.0
2013-05-13,11.326,11.463,11.502,11.267,117793.0
2013-05-14,11.521,11.649,11.981,11.492,223580.0
2013-05-15,11.512,11.365,11.658,11.208,129401.0
2013-05-16,11.385,11.512,11.58,11.14,117606.0
2013-05-17,11.453,11.57,11.922,11.424,169269.0
2013-05-20,11.473,11.727,11.805,11.443,135347.0
2013-05-21,11.678,11.971,12.128,11.6,229165.0
2013-05-22,11.981,12.431,12.49,11.874,262601.0
2013-05-23,12.353,12.079,12.568,12.059,162579.0
2013-05-24,12.079,12.001,12.255,11.844,116196.0
2013-05-27,12.001,12.177,12.363,11.864,110305.0
2013-05-28,12.157,12.138,12.363,11.766,133291.0
2013-05-29,12.099,11.903,12.177,11.854,108896.0
2013-05-30,11.805,11.512,11.922,11.443,137452.0
2013-05-31,11.512,11.502,11.707,11.443,70262.0
2013-06-03,11.492,11.443,11.619,11.394,57300.0
2013-06-04,11.404,11.6,11.649,11.375,64650.0
2013-06-05,11.629,11.272,11.629,11.124,65221.0
2013-06-06,11.272,11.282,11.569,11.193,71017.0
2013-06-07,11.342,10.985,11.46,10.906,61080.0
2013-06-13,10.797,10.123,10.797,9.945,63286.0
2013-06-14,10.203,10.143,10.282,9.985,50949.0
2013-06-17,10.153,10.45,10.49,9.806,89619.0
2013-06-18,10.311,10.371,10.559,10.222,73945.0
2013-06-19,10.292,10.193,10.292,10.004,42704.0
2013-06-20,10.222,9.866,10.391,9.826,50435.0
2013-06-21,9.786,9.539,9.806,9.311,51009.0
2013-06-24,9.519,8.588,9.519,8.588,69610.0
2013-06-25,8.42,8.35,8.558,7.736,81310.0
2013-06-26,8.32,8.449,8.459,8.122,53046.0
2013-06-27,8.499,8.162,8.667,8.132,64751.0
2013-06-28,8.013,8.172,8.34,7.835,38501.0
2013-07-01,8.162,8.37,8.39,8.073,31863.0
2013-07-02,8.42,8.529,8.558,8.291,50175.0
2013-07-03,8.469,8.429,8.519,8.261,47837.0
2013-07-04,8.37,8.499,8.637,8.182,73414.0
2013-07-05,8.509,8.746,8.895,8.429,97194.0
2013-07-08,8.509,8.073,8.519,8.073,53932.0
2013-07-09,8.073,8.083,8.172,8.013,30906.0
2013-07-10,8.103,8.34,8.4,8.083,41674.0
2013-07-11,8.36,8.667,8.845,8.33,66212.0
2013-07-12,8.687,8.598,8.905,8.558,68155.0
2013-07-15,8.598,8.756,8.766,8.548,45248.0
2013-07-16,8.766,9.024,9.073,8.707,63662.0
2013-07-17,8.925,8.667,8.994,8.657,58842.0
2013-07-18,8.667,8.618,8.905,8.548,39484.0
2013-07-19,8.628,8.202,8.746,8.192,50506.0
2013-07-22,8.093,8.34,8.42,8.093,29857.0
2013-07-23,8.37,8.618,8.687,8.37,39480.0
2013-07-24,8.548,8.727,8.766,8.469,53910.0
2013-07-25,8.677,8.548,8.727,8.479,40156.0
2013-07-26,8.538,8.37,8.608,8.281,30705.0
2013-07-29,8.301,8.41,8.588,8.152,37547.0
2013-07-30,8.4,8.459,8.588,8.231,33411.0
2013-07-31,8.479,8.618,8.865,8.469,58111.0
2013-08-01,8.637,8.915,9.014,8.628,82361.0
2013-08-02,8.845,8.905,9.024,8.826,69044.0
2013-08-05,8.915,9.331,9.45,8.845,91007.0
2013-08-06,9.331,9.212,9.361,9.143,64397.0
2013-08-07,9.252,9.083,9.311,8.984,68173.0
2013-08-08,9.034,9.063,9.162,8.994,33759.0
2013-08-09,9.034,9.014,9.143,8.915,30107.0
2013-08-12,9.113,9.182,9.192,9.034,40967.0
2013-08-13,9.202,9.262,9.361,9.172,38258.0
2013-08-14,9.262,9.113,9.291,9.063,50640.0
2013-08-15,9.014,9.192,9.252,8.984,49754.0
2013-08-16,9.301,9.113,9.45,9.063,89873.0
2013-08-19,8.935,9.093,9.123,8.915,40819.0
2013-08-20,9.053,8.875,9.113,8.845,38585.0
2013-08-21,8.875,8.786,8.945,8.667,51519.0
2013-08-22,8.717,8.657,8.806,8.637,33933.0
2013-08-23,8.657,8.717,8.816,8.489,34001.0
2013-08-26,8.727,8.954,9.004,8.727,46918.0
2013-08-27,8.964,9.281,9.351,8.954,89078.0
2013-08-28,9.222,9.45,9.777,9.034,131811.0
2013-08-29,9.41,9.806,9.975,9.351,193223.0
2013-08-30,9.806,10.648,10.787,9.727,303574.0
2013-09-02,10.648,10.004,10.658,9.608,193357.0
2013-09-03,9.905,11.005,11.005,9.905,323827.0
2013-09-04,10.797,10.767,11.332,10.569,249699.0
2013-09-05,10.51,10.5,10.698,10.173,129488.0
2013-09-06,10.381,10.51,10.797,10.252,103943.0
2013-09-09,10.569,10.658,10.886,10.282,129156.0
2013-09-10,10.5,11.144,11.292,10.381,183744.0
2013-09-11,11.044,10.708,11.53,10.678,147326.0
2013-09-12,10.5,10.292,10.569,10.212,88487.0
2013-09-13,10.341,10.123,10.381,10.054,53344.0
2013-09-16,10.084,10.391,10.589,10.084,77499.0
2013-09-17,10.381,10.529,10.886,10.302,124169.0
2013-09-18,10.5,10.272,10.579,10.153,62141.0
2013-09-23,10.272,10.46,10.807,10.272,51694.0
2013-09-24,10.51,11.51,11.51,10.45,183591.0
2013-09-25,12.025,11.768,12.57,11.203,333947.0
2013-09-26,11.698,11.252,12.362,11.252,240002.0
2013-09-27,11.005,10.609,11.668,10.203,133386.0
2013-09-30,10.5,10.916,10.995,10.272,113949.0
2013-10-08,10.737,11.005,11.223,10.5,110096.0
2013-10-09,10.945,11.312,11.371,10.747,123683.0
2013-10-10,10.985,10.668,11.044,10.599,155173.0
2013-10-11,10.648,10.529,10.718,10.46,100352.0
2013-10-14,10.45,10.648,10.727,10.43,86979.0
2013-10-15,10.628,10.341,10.727,10.302,88054.0
2013-10-16,10.272,9.856,10.272,9.856,77164.0
2013-10-17,9.826,10.232,10.302,9.826,70869.0
2013-10-18,10.123,10.044,10.242,10.014,33089.0
2013-10-21,10.044,10.302,10.341,9.975,44840.0
2013-10-22,10.262,10.5,10.638,10.203,86089.0
2013-10-23,10.411,9.985,10.529,9.955,62486.0
2013-10-24,10.044,9.895,10.044,9.846,39130.0
2013-10-25,9.866,9.707,10.084,9.678,31599.0
2013-10-28,9.658,9.638,9.747,9.271,35274.0
2013-10-29,9.608,9.192,9.806,8.826,41446.0
2013-10-30,9.093,9.341,9.37,9.093,21350.0
2013-10-31,9.351,9.252,9.46,9.222,20705.0
2013-11-01,9.252,9.143,9.252,9.063,16858.0
2013-11-04,9.182,9.212,9.271,9.153,11835.0
2013-11-05,9.202,9.351,9.351,9.073,20267.0
2013-11-06,9.351,9.281,9.43,9.212,21237.0
2013-11-07,9.291,9.301,9.44,9.271,21841.0
2013-11-08,9.113,8.994,9.222,8.945,19133.0
2013-11-11,8.994,8.984,9.063,8.816,13819.0
2013-11-12,8.984,9.182,9.281,8.915,21180.0
2013-11-13,9.113,8.984,9.271,8.984,27114.0
2013-11-14,8.915,9.024,9.063,8.895,18727.0
2013-11-15,9.133,9.301,9.361,9.044,30565.0
2013-11-18,9.262,9.479,9.529,9.242,45930.0
2013-11-19,9.489,9.41,9.499,9.321,34321.0
2013-11-20,9.38,9.588,9.638,9.262,65007.0
2013-11-21,9.46,9.588,9.846,9.361,53078.0
2013-11-22,9.529,9.44,9.648,9.42,30765.0
2013-11-25,9.43,9.46,9.588,9.351,27490.0
2013-11-26,9.47,9.598,9.707,9.45,40225.0
2013-11-27,9.608,9.806,9.994,9.489,65593.0
2013-11-28,9.786,9.717,9.905,9.707,54305.0
2013-11-29,9.727,9.777,9.816,9.687,31696.0
2013-12-02,9.559,8.935,9.559,8.935,65411.0
2013-12-03,8.905,9.123,9.153,8.905,21624.0
2013-12-04,9.133,9.569,9.678,9.093,67212.0
2013-12-05,9.658,9.757,9.905,9.46,73394.0
2013-12-06,9.668,9.638,9.767,9.588,38694.0
2013-12-09,9.588,9.796,9.856,9.588,34285.0
2013-12-10,9.737,9.727,9.836,9.638,34069.0
2013-12-11,9.668,9.479,9.678,9.43,26460.0
2013-12-12,9.44,9.529,9.687,9.43,20653.0
2013-12-13,9.41,9.549,9.628,9.351,19716.0
2013-12-16,9.519,9.351,9.618,9.341,19620.0
2013-12-17,9.39,9.202,9.4,9.133,15196.0
2013-12-18,9.192,9.202,9.311,9.182,11307.0
2013-12-19,9.242,9.291,9.41,9.202,18888.0
2013-12-20,9.291,9.063,9.311,8.974,20688.0
2013-12-23,9.093,9.093,9.143,8.895,13634.0
2013-12-24,9.083,9.073,9.232,8.984,23522.0
2013-12-25,9.162,9.093,9.242,9.034,26337.0
2013-12-26,9.113,8.915,9.143,8.905,20522.0
2013-12-27,8.905,9.014,9.063,8.855,21846.0
2013-12-30,9.014,9.053,9.162,8.994,22764.0
2013-12-31,9.044,9.073,9.093,8.984,22741.0
2014-01-02,9.053,9.103,9.123,9.024,18677.0
2014-01-03,9.073,8.964,9.093,8.905,23883.0
2014-01-06,8.915,8.588,8.964,8.578,28990.0
2014-01-07,8.598,8.707,8.717,8.548,18146.0
2014-01-08,8.677,8.608,8.786,8.588,15273.0
2014-01-09,8.608,8.35,8.657,8.35,20927.0
2014-01-10,8.241,8.023,8.35,7.924,22823.0
2014-01-13,8.023,8.103,8.271,8.023,15087.0
2014-01-14,8.122,8.231,8.231,8.122,14915.0
2014-01-15,8.271,8.449,8.519,8.172,23608.0
2014-01-16,8.39,8.34,8.469,8.32,17520.0
2014-01-17,8.35,8.261,8.37,8.221,12352.0
2014-01-20,8.271,8.202,8.35,8.172,9384.0
2014-01-21,8.241,8.647,9.004,8.241,45265.0
2014-01-22,8.796,9.509,9.509,8.697,94674.0
2014-01-23,9.866,9.46,9.886,9.341,155881.0
2014-01-24,9.242,9.351,9.47,9.093,81833.0
2014-01-27,9.153,9.192,9.41,9.133,57696.0
2014-01-28,9.182,9.281,9.46,9.172,33811.0
2014-01-29,9.321,9.539,9.678,9.192,87502.0
2014-01-30,9.41,9.242,9.608,9.222,48568.0
2014-02-07,9.262,9.678,9.955,9.162,79512.0
2014-02-10,9.668,9.826,9.876,9.618,84148.0
2014-02-11,9.747,9.886,10.034,9.658,94823.0
2014-02-12,9.905,10.747,10.876,9.727,225952.0
2014-02-13,10.846,10.361,10.995,10.292,179296.0
2014-02-14,10.282,10.767,10.846,10.282,104425.0
2014-02-17,10.827,10.747,10.856,10.638,90830.0
2014-02-18,10.678,10.222,10.698,10.203,111034.0
2014-02-19,10.203,10.321,10.599,10.123,98164.0
2014-02-20,10.173,9.826,10.193,9.717,111183.0
2014-02-21,9.777,9.886,9.925,9.707,43840.0
2014-02-24,9.826,9.895,9.935,9.727,35532.0
2014-02-25,10.044,9.4,10.143,9.311,60047.0
2014-02-26,9.361,9.46,9.489,9.262,36133.0
2014-02-27,9.47,9.153,9.578,9.044,49373.0
2014-02-28,9.113,9.182,9.262,8.915,42191.0
2014-03-03,9.172,9.47,9.509,9.153,36781.0
2014-03-04,9.4,9.41,9.499,9.153,40087.0
2014-03-05,9.37,9.37,9.499,9.311,33838.0
2014-03-06,9.37,9.262,9.42,9.103,31871.0
2014-03-07,9.242,9.123,9.311,9.044,30752.0
2014-03-10,9.083,8.568,9.083,8.519,36877.0
2014-03-11,8.548,8.618,8.677,8.538,17667.0
2014-03-12,8.618,8.677,8.776,8.519,22502.0
2014-03-13,8.746,8.756,8.776,8.647,17064.0
2014-03-14,8.737,8.677,8.826,8.578,20607.0
2014-03-17,8.677,8.806,8.816,8.598,25186.0
2014-03-18,8.717,9.004,9.153,8.717,47056.0
2014-03-19,8.915,8.915,8.954,8.766,27370.0
2014-03-20,8.984,8.717,9.153,8.717,37262.0
2014-03-21,8.588,8.865,8.885,8.469,51429.0
2014-03-24,8.816,8.964,9.004,8.816,34160.0
2014-03-25,8.925,9.034,9.103,8.865,31606.0
2014-03-26,9.113,9.073,9.271,9.024,38516.0
2014-03-27,9.014,8.974,9.123,8.935,29786.0
2014-03-28,8.925,8.776,9.044,8.717,30169.0
2014-03-31,8.697,8.737,8.855,8.657,17909.0
2014-04-01,8.776,9.034,9.153,8.687,30279.0
2014-04-02,8.974,9.262,9.262,8.945,63616.0
2014-04-03,9.212,9.153,9.41,9.093,51907.0
2014-04-04,9.063,9.271,9.271,9.004,29859.0
2014-04-08,9.212,9.341,9.38,9.103,42273.0
2014-04-09,9.271,9.46,9.479,9.252,59467.0
2014-04-10,9.529,9.331,9.578,9.311,53887.0
2014-04-11,9.262,9.153,9.262,9.143,33548.0
2014-04-14,9.153,9.262,9.262,9.063,24138.0
2014-04-15,9.262,9.262,9.351,9.162,29055.0
2014-04-16,9.172,9.281,9.38,9.162,34128.0
2014-04-17,9.271,9.123,9.341,9.123,28661.0
2014-04-18,9.113,9.133,9.162,9.063,15114.0
2014-04-21,9.262,9.073,9.38,9.053,35926.0
2014-04-22,8.915,8.836,9.004,8.746,35220.0
2014-04-23,8.845,8.776,8.865,8.727,16367.0
2014-04-24,8.756,8.647,8.796,8.637,19474.0
2014-04-25,8.628,8.42,8.697,8.37,21367.0
2014-04-28,8.459,8.221,8.509,8.202,19330.0
2014-04-29,8.221,8.36,8.36,8.202,14321.0
2014-04-30,8.33,8.449,8.499,8.301,12066.0
2014-05-05,8.449,8.459,8.479,8.35,12416.0
2014-05-06,8.469,8.499,8.558,8.429,15739.0
2014-05-07,8.479,8.281,8.479,8.271,14707.0
2014-05-08,8.202,8.291,8.41,8.202,13192.0
2014-05-09,8.271,8.202,8.35,8.172,13925.0
2014-05-12,8.261,8.469,8.469,8.212,23807.0
2014-05-13,8.469,8.459,8.529,8.4,14896.0
2014-05-14,8.459,8.469,8.519,8.42,14496.0
2014-05-15,8.469,8.251,8.489,8.221,12361.0
2014-05-16,8.241,8.251,8.291,8.172,10786.0
2014-05-19,8.251,8.33,8.35,8.182,12684.0
2014-05-20,8.34,8.301,8.449,8.271,12092.0
2014-05-21,8.271,8.33,8.34,8.192,10665.0
2014-05-22,8.311,8.291,8.4,8.261,14770.0
2014-05-23,8.271,8.32,8.33,8.241,9338.0
2014-05-26,8.34,8.429,8.439,8.301,18127.0
2014-05-27,8.42,8.459,8.499,8.38,19137.0
2014-05-28,8.449,8.489,8.499,8.37,17161.0
2014-05-29,8.469,8.479,8.637,8.469,24896.0
2014-05-30,8.439,8.41,8.509,8.38,12517.0
2014-06-03,8.4,8.38,8.449,8.37,12413.0
2014-06-04,8.38,8.291,8.38,8.251,12653.0
2014-06-05,8.301,8.37,8.38,8.251,8761.0
2014-06-06,8.38,8.41,8.449,8.33,12773.0
2014-06-09,8.41,8.39,8.479,8.38,12254.0
2014-06-10,8.42,8.42,8.449,8.291,12792.0
2014-06-11,8.429,8.469,8.489,8.38,15172.0
2014-06-12,8.479,8.529,8.599,8.449,26155.0
2014-06-13,8.539,8.569,8.589,8.479,18818.0
2014-06-16,8.579,8.698,8.887,8.529,52388.0
2014-06-17,8.668,8.529,8.668,8.529,29359.0
2014-06-18,8.489,8.38,8.549,8.36,21533.0
2014-06-19,8.35,8.171,8.439,8.151,17172.0
2014-06-20,8.151,8.25,8.25,8.131,12036.0
2014-06-23,8.26,8.23,8.33,8.22,13534.0
2014-06-24,8.23,8.31,8.32,8.23,10703.0
2014-06-25,8.33,8.28,8.33,8.23,8934.0
2014-06-26,8.26,8.609,8.688,8.26,65259.0
2014-06-27,8.559,8.877,9.037,8.509,110198.0
2014-06-30,8.847,8.778,8.847,8.658,58339.0
2014-07-01,8.718,8.768,8.837,8.698,30189.0
2014-07-02,8.748,9.146,9.255,8.678,107716.0
2014-07-03,9.066,9.156,9.425,9.056,107289.0
2014-07-04,9.156,9.246,9.275,9.066,51250.0
2014-07-07,9.226,9.275,9.375,9.176,45708.0
2014-07-08,9.275,9.315,9.385,9.166,43419.0
2014-07-09,9.345,9.027,9.345,9.017,49706.0
2014-07-10,8.987,8.917,9.106,8.907,30381.0
2014-07-11,8.937,9.056,9.136,8.917,23077.0
2014-07-14,9.056,9.166,9.166,9.037,22673.0
2014-07-15,9.206,9.226,9.325,9.086,31813.0
2014-07-16,9.236,9.275,9.395,9.166,43215.0
2014-07-17,9.255,9.056,9.255,8.987,27399.0
2014-07-18,9.017,9.216,9.295,9.017,31372.0
2014-07-21,9.216,9.236,9.415,9.166,30248.0
2014-07-22,9.285,9.285,9.295,9.027,50823.0
2014-07-23,9.236,9.116,9.255,9.086,22158.0
2014-07-24,9.166,8.718,9.166,8.609,79915.0
2014-07-25,8.688,8.837,8.907,8.658,34057.0
2014-07-28,8.828,9.176,9.216,8.808,80978.0
2014-07-29,9.116,9.156,9.236,9.096,55297.0
2014-07-30,9.096,9.136,9.226,9.076,43262.0
2014-07-31,9.126,9.315,9.385,9.056,59813.0
2014-08-01,9.265,9.106,9.315,9.056,47271.0
2014-08-04,9.126,9.265,9.355,9.116,48368.0
2014-08-05,9.275,9.464,9.594,9.236,103939.0
2014-08-06,9.415,9.425,9.484,9.315,57107.0
2014-08-07,9.445,9.574,9.673,9.385,102964.0
2014-08-08,9.703,9.524,9.952,9.474,158881.0
2014-08-11,9.464,9.534,9.634,9.435,69815.0
2014-08-12,9.534,9.514,9.624,9.375,52181.0
2014-08-13,9.554,9.464,9.584,9.385,46915.0
2014-08-14,9.464,9.375,9.574,9.365,44929.0
2014-08-15,9.345,9.524,9.524,9.315,43771.0
2014-08-18,9.574,9.554,9.624,9.494,51665.0
2014-08-19,9.594,9.673,9.673,9.504,74269.0
2014-08-20,9.673,9.624,9.673,9.574,46057.0
2014-08-21,9.634,9.564,9.644,9.425,37205.0
2014-08-22,9.554,9.753,9.813,9.504,65047.0
2014-08-25,9.763,9.664,9.783,9.624,37456.0
2014-08-26,9.654,9.405,9.703,9.365,43915.0
2014-08-27,9.385,9.574,9.604,9.365,32948.0
2014-08-28,9.574,9.723,9.783,9.524,72029.0
2014-08-29,9.703,9.813,9.863,9.654,56111.0
2014-09-01,9.863,10.052,10.271,9.813,98978.0
2014-09-02,10.052,10.231,10.281,9.982,75659.0
2014-09-03,10.251,10.599,10.937,10.161,147438.0
2014-09-04,10.46,10.589,10.728,10.43,101374.0
2014-09-05,10.549,10.927,11.146,10.519,144400.0
2014-09-09,10.927,11.455,11.992,10.699,151516.0
2014-09-10,11.544,11.564,11.803,11.296,100903.0
2014-09-11,11.525,11.196,11.724,11.166,107854.0
2014-09-12,11.186,11.375,11.385,11.037,76037.0
2014-09-15,11.375,11.276,11.375,11.166,65069.0
2014-09-16,11.286,11.047,11.465,10.888,89235.0
2014-09-17,10.947,11.634,11.684,10.898,114147.0
2014-09-18,11.544,11.534,11.664,11.385,60101.0
2014-09-19,11.475,11.654,11.803,11.415,65189.0
2014-09-22,11.624,11.405,11.694,11.146,62580.0
2014-09-23,11.405,11.574,11.714,11.146,68198.0
2014-09-24,11.624,11.883,11.992,11.445,71609.0
2014-09-25,11.923,11.644,11.943,11.515,53665.0
2014-09-26,11.634,11.664,11.763,11.515,55631.0
2014-09-29,11.684,11.495,11.694,11.355,91513.0
2014-09-30,11.485,11.654,11.694,11.395,49183.0
2014-10-08,11.674,11.684,11.734,11.544,39399.0
2014-10-09,11.684,11.714,11.893,11.525,45674.0
2014-10-10,11.684,11.475,11.704,11.395,36417.0
2014-10-13,11.445,11.286,11.465,11.107,40766.0
2014-10-14,11.345,11.146,11.365,11.126,35147.0
2014-10-15,11.136,11.136,11.206,10.977,42889.0
2014-10-16,11.156,11.087,11.415,11.067,53543.0
2014-10-17,11.136,10.689,11.256,10.529,68691.0
2014-10-20,10.689,10.878,10.878,10.44,51975.0
2014-10-21,10.878,10.629,10.898,10.629,37224.0
2014-10-22,10.659,10.659,10.828,10.599,26024.0
2014-10-23,10.679,10.728,10.778,10.499,32280.0
2014-10-24,10.738,10.629,10.898,10.559,31145.0
2014-10-27,10.669,10.828,10.848,10.589,26025.0
2014-10-28,10.838,11.047,11.087,10.838,51117.0
2014-10-29,11.057,11.395,11.525,10.987,81836.0
2014-10-30,11.365,11.694,11.823,11.296,103556.0
2014-10-31,11.694,11.574,11.724,11.345,53445.0
2014-11-03,11.574,12.132,12.4,11.525,116092.0
2014-11-04,12.022,11.962,12.241,11.803,61669.0
2014-11-05,11.952,11.803,11.952,11.544,53163.0
2014-11-06,11.694,11.933,11.972,11.624,49412.0
2014-11-07,11.992,11.445,12.022,11.256,112043.0
2014-11-10,11.465,11.534,11.584,11.286,53649.0
2014-11-11,11.614,11.097,11.614,10.977,67958.0
2014-11-12,11.007,11.395,11.395,11.007,42243.0
2014-11-13,11.296,11.345,11.465,11.057,49851.0
2014-11-14,11.355,11.753,11.753,11.326,88129.0
2014-11-17,11.992,12.928,12.928,11.763,323209.0
2014-11-18,12.619,12.968,13.226,12.52,215468.0
2014-11-19,12.968,12.759,13.067,12.639,103558.0
2014-11-20,12.639,12.57,12.888,12.5,89721.0
2014-11-21,12.41,12.689,12.719,12.41,72575.0
2014-11-24,12.729,12.619,12.788,12.47,90845.0
2014-11-25,12.629,13.167,13.445,12.53,144575.0
2014-11-26,13.137,12.988,13.137,12.868,74014.0
2014-11-27,13.037,12.968,13.167,12.838,71914.0
2014-11-28,13.037,12.689,13.605,12.5,141734.0
2014-12-01,12.689,12.341,12.798,12.221,100111.0
2014-12-02,12.42,12.48,12.579,12.301,64073.0
2014-12-03,12.49,12.629,12.659,12.321,79778.0
2014-12-04,12.619,12.679,12.749,12.49,69893.0
2014-12-05,12.669,11.992,12.679,11.843,96663.0
2014-12-08,12.042,12.032,12.341,11.952,69501.0
2014-12-09,12.052,11.614,12.251,11.584,84737.0
2014-12-10,11.594,11.982,12.012,11.554,54047.0
2014-12-11,12.032,12.49,12.589,12.032,100003.0
2014-12-12,12.55,12.41,12.719,12.281,71135.0
2014-12-15,12.38,12.589,12.669,12.142,81049.0
2014-12-16,12.56,12.37,12.619,12.291,48344.0
2014-12-17,12.38,12.54,12.739,12.092,104746.0
2014-12-18,12.44,12.978,13.226,12.271,133310.0
2014-12-19,12.838,13.196,13.535,12.719,177214.0
2014-12-22,13.196,11.873,13.206,11.873,129792.0
2014-12-23,11.594,11.037,11.594,10.977,86899.0
2014-12-24,11.067,11.206,11.345,11.067,46940.0
2014-12-25,11.256,11.266,11.335,11.126,53691.0
2014-12-26,11.276,11.604,11.903,10.957,126393.0
2014-12-29,11.445,11.156,11.475,11.057,87021.0
2014-12-30,11.156,10.659,11.296,10.589,73249.0
2014-12-31,10.669,10.778,10.888,10.639,41876.0
2015-01-05,10.838,10.898,10.927,10.589,59553.0
2015-01-06,10.649,11.246,11.345,10.649,107979.0
2015-01-07,11.246,11.395,11.534,11.097,97372.0
2015-01-08,11.326,11.345,11.584,11.107,71688.0
2015-01-09,11.326,11.256,11.475,11.226,51898.0
2015-01-12,11.176,10.908,11.176,10.748,48451.0
2015-01-13,10.908,10.937,11.037,10.848,27655.0
2015-01-14,10.987,10.788,10.997,10.708,28964.0
2015-01-15,10.758,10.997,11.097,10.748,47133.0
2015-01-16,10.888,11.107,11.136,10.888,35616.0
2015-01-19,10.947,10.549,11.047,10.35,52127.0
2015-01-20,10.549,10.937,10.997,10.549,35490.0
2015-01-21,10.957,11.395,11.445,10.898,77175.0
2015-01-22,11.345,11.505,11.505,11.246,59690.0
2015-01-23,11.485,11.863,11.923,11.425,176701.0
2015-01-26,11.833,11.952,12.311,11.634,117918.0
2015-01-27,11.843,12.032,12.132,11.773,88929.0
2015-01-28,12.002,12.092,12.301,11.893,125005.0
2015-01-29,11.952,12.142,12.241,11.873,137046.0
2015-01-30,12.341,12.092,12.37,11.962,115055.0
2015-02-02,11.992,11.962,12.112,11.843,57871.0
2015-02-03,11.923,12.361,12.41,11.893,192757.0
2015-02-04,12.291,12.37,12.48,12.201,109847.0
2015-02-05,12.37,12.51,12.709,12.261,204174.0
2015-02-06,12.45,12.44,12.579,12.241,155149.0
2015-02-09,12.41,12.122,12.49,12.022,93157.0
2015-02-10,12.122,12.48,12.49,11.992,177180.0
2015-02-11,12.44,12.54,12.739,12.331,116332.0
2015-02-12,12.53,12.868,12.988,12.43,146561.0
2015-02-13,12.868,13.157,13.336,12.818,179196.0
2015-02-16,13.167,13.087,13.246,12.948,61722.0
2015-02-17,13.147,13.097,13.236,12.968,54185.0
2015-02-25,13.097,12.639,13.634,12.43,286495.0
2015-02-26,12.639,12.44,12.639,12.181,159986.0
2015-02-27,12.351,12.43,12.51,12.241,101445.0
2015-03-02,12.47,12.988,13.057,12.38,113230.0
2015-03-03,12.888,13.336,13.515,12.798,173646.0
2015-03-04,13.415,13.336,13.425,13.087,107621.0
2015-03-05,13.386,13.565,13.634,13.246,111341.0
2015-03-06,13.654,13.187,13.664,12.948,91769.0
2015-03-09,13.037,13.216,13.256,12.838,62692.0
2015-03-10,13.226,13.187,13.326,13.057,71704.0
2015-03-11,13.236,12.988,13.435,12.948,71577.0
2015-03-12,12.988,13.037,13.286,12.878,69601.0
2015-03-13,13.037,13.266,13.326,12.948,83389.0
2015-03-16,13.405,13.863,14.092,13.336,175417.0
2015-03-17,13.853,14.281,14.749,13.714,214436.0
2015-03-18,14.331,14.421,14.689,14.232,140793.0
2015-03-19,14.281,14.59,14.61,14.082,147100.0
2015-03-20,14.55,15.177,15.276,14.46,200653.0
2015-03-23,15.396,15.804,15.874,15.227,171503.0
2015-03-24,15.625,15.366,16.043,14.968,157088.0
2015-03-25,15.436,15.555,15.814,15.257,125034.0
2015-03-26,15.525,14.928,15.525,14.908,112639.0
2015-03-27,14.888,15.336,15.376,14.849,95176.35
2015-03-30,15.923,15.346,15.923,15.217,135199.0
2015-03-31,15.346,15.147,15.485,15.038,100602.0
2015-04-01,15.147,15.426,15.545,15.077,85378.0
2015-04-02,15.446,15.933,16.003,15.366,129745.0
2015-04-03,15.943,16.311,16.511,15.734,116493.0
2015-04-07,16.013,16.341,16.501,16.013,94444.0
2015-04-08,16.411,15.894,16.451,15.645,95221.0
2015-04-09,15.635,15.386,15.903,14.948,100700.0
2015-04-10,15.237,15.804,15.874,14.948,98234.0
2015-04-13,15.744,15.884,16.003,15.535,95669.0
2015-04-14,15.864,16.152,16.202,15.635,110945.0
2015-04-15,16.162,15.197,16.172,15.028,77023.0
2015-04-16,15.127,15.207,15.406,14.829,68434.0
2015-04-17,15.306,15.326,15.724,15.237,107290.0
2015-04-20,15.326,15.028,15.575,14.829,103725.0
2015-04-21,14.948,15.645,15.675,14.948,85172.0
2015-04-22,15.665,15.963,16.103,15.655,101862.0
2015-04-23,16.172,16.54,17.177,16.122,174670.0
2015-04-24,16.232,17.934,18.163,16.192,254816.0
2015-04-27,17.914,18.541,18.79,17.416,246864.0
2015-04-28,18.113,17.496,18.292,17.327,143211.0
2015-04-29,17.327,17.506,17.764,16.7,89836.0
2015-04-30,17.565,17.486,18.411,17.476,97074.0
2015-05-04,17.227,17.307,17.655,17.038,72580.0
2015-05-05,17.327,16.321,17.496,16.202,72194.0
2015-05-06,16.431,15.754,16.889,15.655,61789.0
2015-05-07,15.476,15.834,16.321,15.476,75140.0
2015-05-08,16.023,16.54,16.6,15.903,56638.0
2015-05-11,16.819,17.028,17.227,16.62,118894.0
2015-05-12,17.048,17.317,17.366,16.66,116565.0
2015-05-13,17.327,16.998,17.347,16.879,89389.0
2015-05-14,17.008,17.784,17.973,17.008,123845.0
2015-05-15,17.784,17.376,17.784,17.028,82621.0
2015-05-18,17.217,18.173,18.382,17.167,127018.0
2015-05-19,18.013,18.352,18.531,17.814,94077.0
2015-05-20,18.352,18.959,19.456,18.312,115850.0
2015-05-21,19.058,20.86,20.86,19.058,136900.0
2015-05-22,22.372,21.228,22.372,20.899,190016.0
2015-05-25,21.098,23.348,23.348,20.899,74978.0
2015-05-26,24.582,25.686,25.686,23.915,141365.0
2015-05-27,27.617,28.254,28.254,26.074,201688.0
2015-05-28,27.259,25.428,27.617,25.428,210400.0
2015-05-29,24.582,24.85,26.393,23.477,157378.0
2015-06-01,24.701,26.274,27.05,24.691,140431.0
2015-06-02,25.935,26.831,27.09,25.477,121184.0
2015-06-03,26.831,27.299,27.617,25.179,151593.0
2015-06-04,26.672,28.413,29.04,25.378,164306.0
2015-06-05,29.239,31.26,31.26,29.209,191218.0
2015-06-08,32.643,30.762,32.812,29.359,193050.0
2015-06-09,29.767,29.428,31.498,29.259,103591.0
2015-06-10,29.458,30.931,31.518,28.861,117712.0
2015-06-11,30.832,34.026,34.026,30.682,157652.0
2015-06-12,34.026,34.942,36.932,33.738,166721.0
2015-06-15,34.832,32.543,34.832,32.344,124488.0
2015-06-16,32.245,29.906,32.245,29.309,101032.0
2015-06-17,29.856,31.608,32.304,28.712,97533.0
2015-06-18,31.697,30.035,32.145,29.657,72356.0
2015-06-19,29.16,27.1,29.727,27.03,69739.0
2015-06-23,26.113,26.262,27.776,24.39,90642.0
2015-06-24,26.481,27.188,27.885,26.093,96787.0
2015-06-25,27.188,27.318,27.387,26.103,45104.0
2016-01-07,24.589,24.589,24.589,24.589,611.0
2016-01-08,22.129,22.129,22.129,22.129,5124.0
2016-01-11,19.918,19.918,19.918,19.918,3157.0
2016-01-12,17.926,17.926,17.926,17.926,20688.0
2016-01-13,16.472,16.134,17.488,16.134,249403.0
2016-01-14,14.919,16.333,16.791,14.67,289372.0
2016-01-15,15.935,14.759,16.104,14.7,214471.0
2016-01-18,14.729,16.233,16.233,14.152,139135.0
2016-01-19,16.701,17.857,17.857,16.363,375126.0
2016-01-20,17.588,18.544,19.52,17.209,350758.0
2016-01-21,17.827,16.691,18.305,16.691,246928.0
2016-01-22,16.691,16.831,17.06,15.735,204425.0
2016-01-25,16.841,16.881,17.05,16.313,169529.0
2016-01-26,16.532,15.198,16.691,15.198,153463.0
2016-01-27,14.978,14.988,15.237,13.923,164313.0
2016-01-28,14.839,13.495,15.038,13.495,145668.0
2016-01-29,13.285,14.132,14.441,13.116,169570.0
2016-02-01,13.923,13.335,14.052,12.997,124155.0
2016-02-02,13.256,14.67,14.67,13.256,132039.0
2016-02-03,14.62,15.247,15.437,14.122,190147.0
2016-02-04,15.058,15.287,15.536,14.919,160873.0
2016-02-05,15.198,14.57,15.287,14.56,119721.0
2016-02-15,13.744,14.232,14.5,13.524,101985.0
2016-02-16,14.441,15.656,15.656,14.241,112161.0
2016-02-17,16.233,16.283,16.432,15.695,218700.0
2016-02-18,16.263,15.905,16.273,15.765,193339.0
2016-02-19,15.875,16.383,16.612,15.745,193707.0
2016-02-22,16.771,16.552,16.881,16.233,195862.0
2016-02-23,16.701,16.423,16.701,15.954,146436.0
2016-02-24,16.343,17.189,17.289,15.944,171318.0
2016-02-25,17.329,15.466,17.339,15.466,188579.0
2016-02-26,15.616,14.929,15.735,14.59,117255.0
2016-02-29,14.65,13.435,14.68,13.435,107527.0
2016-03-01,13.445,13.823,14.092,12.987,95018.0
2016-03-02,13.654,14.451,14.61,13.524,121240.0
2016-03-03,14.411,14.441,15.108,14.291,120993.0
2016-03-04,14.202,13.674,14.939,13.265,119141.0
2016-03-07,13.953,14.052,14.241,13.744,86534.0
2016-03-08,13.943,14.341,14.341,13.256,121877.0
2016-03-09,13.843,14.899,15.138,13.674,197422.0
2016-03-10,14.72,14.271,14.909,14.232,121406.0
2016-03-11,14.172,13.893,14.291,13.793,85864.0
2016-03-14,14.082,14.809,15.237,13.963,135126.0
2016-03-15,14.869,15.327,15.447,14.64,187913.0
2016-03-16,15.337,14.809,15.536,14.65,132381.0
2016-03-17,14.839,15.755,15.935,14.749,198304.0
2016-03-18,15.765,16.343,16.532,15.566,226443.0
2016-03-21,16.552,16.801,16.871,16.044,235849.0
2016-03-22,16.393,16.253,16.572,16.193,166346.0
2016-03-23,16.313,16.532,16.801,16.313,168037.0
2016-03-24,16.303,15.835,16.393,15.835,157450.0
2016-03-25,15.676,15.865,15.994,15.556,84225.0
2016-03-28,16.034,15.656,16.323,15.606,94412.0
2016-03-29,15.466,15.785,16.104,15.456,95339.0
2016-03-30,15.935,16.243,16.243,15.805,106371.0
2016-03-31,16.383,16.144,16.472,16.104,98872.0
2016-04-01,16.004,15.825,16.034,15.456,84589.0
2016-04-05,15.805,16.333,16.363,15.745,111673.0
2016-04-06,16.333,16.492,16.741,16.203,132796.0
2016-04-07,16.522,15.925,16.612,15.905,105517.0
2016-04-08,15.745,15.695,15.875,15.447,75097.0
2016-04-11,15.835,16.144,16.213,15.835,95189.0
2016-04-12,16.104,15.815,16.164,15.636,79789.0
2016-04-13,15.944,16.253,16.512,15.855,151249.0
2016-04-14,16.413,16.393,16.413,16.154,107634.0
2016-04-15,16.403,17.02,17.13,16.323,194130.0
2016-04-18,17.05,16.671,17.07,16.462,134647.0
2016-04-19,16.831,16.691,16.901,16.303,107162.0
2016-04-20,16.562,15.048,16.721,15.018,173211.0
2016-04-21,15.088,14.57,15.128,14.55,105759.0
2016-04-22,14.51,14.749,14.839,14.331,58689.0
2016-04-25,14.65,14.55,14.729,14.251,49125.0
2016-04-26,14.55,14.809,14.819,14.451,45116.0
2016-04-27,14.839,14.66,14.919,14.63,54501.0
2016-04-28,14.759,14.66,14.769,14.291,50908.0
2016-04-29,14.54,14.48,14.66,14.421,44920.0
2016-05-03,14.56,14.988,15.028,14.321,66914.0
2016-05-04,14.998,14.949,15.098,14.869,65179.0
2016-05-05,14.939,14.988,15.018,14.809,46905.0
2016-05-06,14.988,13.933,15.088,13.903,94506.0
2016-05-09,13.793,13.295,13.793,13.196,64463.0
2016-05-10,13.206,13.584,13.793,13.206,57622.0
2016-05-11,13.684,13.315,13.684,13.295,39577.0
2016-05-12,13.126,13.425,13.534,12.917,47513.0
2016-05-13,13.325,13.236,13.524,13.106,38458.0
2016-05-16,13.285,13.455,13.495,13.116,34833.0
2016-05-17,13.514,13.335,13.534,13.246,40269.0
2016-05-18,13.246,12.897,13.246,12.728,54735.0
2016-05-19,12.947,12.927,13.216,12.907,49370.0
2016-05-20,12.847,13.096,13.096,12.748,32756.0
2016-05-23,13.186,13.216,13.285,13.066,36900.0
2016-05-24,13.166,13.046,13.166,12.917,29515.0
2016-05-25,13.196,13.066,13.285,13.026,30510.0
2016-05-26,13.106,12.987,13.146,12.628,39539.0
2016-05-27,12.967,13.106,13.226,12.887,41963.0
2016-05-30,12.977,13.007,13.226,12.847,29685.0
2016-05-31,13.046,13.584,13.624,13.007,70737.0
2016-06-01,13.574,13.664,13.873,13.544,58052.0
2016-06-02,13.564,14.122,14.202,13.554,83452.0
2016-06-03,14.042,13.943,14.122,13.773,64706.0
2016-06-06,13.893,13.853,14.032,13.763,39877.0
2016-06-07,13.863,13.873,13.913,13.783,35597.0
2016-06-08,13.933,13.793,13.933,13.664,36193.0
2016-06-13,13.544,12.847,13.714,12.827,52687.0
2016-06-14,12.748,12.897,13.066,12.728,32258.0
2016-06-15,12.748,13.246,13.305,12.668,41043.0
2016-06-16,13.295,13.017,13.325,12.967,42274.0
2016-06-17,13.017,13.126,13.285,13.017,41333.0
2016-06-20,13.843,13.674,14.441,13.664,97624.0
2016-06-21,13.724,14.142,14.441,13.614,114634.0
2016-06-22,13.943,13.993,14.002,13.704,69356.0
2016-06-23,13.993,13.753,13.993,13.624,52426.0
2016-06-24,13.793,13.355,13.923,12.937,73453.0
2016-06-27,13.246,13.634,13.644,13.176,55537.0
2016-06-28,13.554,13.843,13.923,13.475,58444.0
2016-06-29,13.893,15.227,15.227,13.843,159411.0
2016-06-30,15.118,15.506,15.695,14.53,245173.0
2016-07-01,15.246,15.017,15.576,15.017,128169.0
2016-07-04,14.867,15.177,15.396,14.708,109046.0
2016-07-05,15.236,15.316,15.666,15.117,128472.0
2016-07-06,15.177,15.097,15.226,14.977,84643.0
2016-07-07,15.147,15.366,15.526,14.987,105132.0
2016-07-08,15.316,15.825,16.055,15.137,145222.0
2016-07-11,15.935,15.695,16.075,15.496,123512.0
2016-07-12,15.556,15.646,15.695,15.067,102224.0
2016-07-13,16.244,16.115,16.933,16.015,200036.0
2016-07-14,15.855,15.975,16.075,15.735,84402.0
2016-07-15,15.885,15.606,15.965,15.596,67679.0
2016-07-18,15.626,15.396,15.715,15.286,51644.0
2016-07-19,15.536,15.685,15.755,15.296,51892.0
2016-07-20,15.596,15.386,15.795,15.376,43964.0
2016-07-21,15.416,15.446,15.715,15.366,47009.0
2016-07-22,15.486,15.366,15.586,15.316,48652.0
2016-07-25,15.366,15.157,15.496,15.117,46788.0
2016-07-26,15.217,15.436,15.446,15.157,37608.0
2016-07-27,15.456,14.688,15.765,14.169,91508.0
2016-07-28,14.518,14.558,14.758,14.368,52339.0
2016-07-29,14.548,14.388,14.698,14.378,28477.0
2016-08-01,14.368,13.859,14.368,13.78,44713.0
2016-08-02,13.859,13.989,14.029,13.79,29449.0
2016-08-03,13.989,14.029,14.069,13.889,27035.0
2016-08-04,14.049,14.119,14.119,13.859,30253.0
2016-08-05,14.099,13.869,14.129,13.85,36592.0
2016-08-08,13.81,14.089,14.099,13.77,28742.0
2016-08-09,14.129,14.368,14.378,14.089,37056.0
2016-08-10,14.318,14.219,14.498,14.149,33803.0
2016-08-11,14.149,13.989,14.318,13.969,25373.0
2016-08-12,14.019,14.199,14.239,13.919,24838.0
2016-08-15,14.259,14.558,14.638,14.089,49908.0
2016-08-16,14.568,14.638,14.817,14.518,44671.0
2016-08-17,14.708,14.698,14.748,14.518,26349.0
2016-08-18,14.698,14.568,14.748,14.388,51569.0
2016-08-19,14.548,14.688,14.827,14.488,42650.0
2016-08-22,14.688,14.528,14.867,14.468,35294.0
2016-08-23,14.498,14.588,14.708,14.468,27195.0
2016-08-24,14.618,14.767,14.807,14.548,30605.0
2016-09-13,15.177,16.244,16.244,15.167,76847.0
2016-09-14,16.763,15.486,16.763,15.366,238970.0
2016-09-19,15.546,15.566,15.705,15.296,103019.0
2016-09-20,15.536,15.336,15.536,15.167,65715.0
2016-09-21,15.276,15.266,15.516,15.236,61235.0
2016-09-22,15.376,15.286,15.436,15.197,55978.0
2016-09-23,15.236,16.065,16.813,14.987,235933.0
2016-09-26,15.765,16.314,16.404,15.725,175219.0
2016-09-27,16.294,16.374,16.643,15.965,156684.0
2016-09-28,16.254,16.524,16.843,16.184,159255.0
2016-09-29,16.434,16.274,16.554,16.065,111277.0
2016-09-30,16.244,16.045,16.244,15.965,68216.0
2016-10-10,16.085,16.314,16.314,15.775,95984.0
2016-10-11,16.314,16.274,16.554,16.115,89564.0
2016-10-12,16.204,15.875,16.204,15.855,84430.0
2016-10-13,15.875,17.462,17.462,15.875,223544.0
2016-10-14,17.96,18.509,18.948,17.811,453047.0
2016-10-17,18.24,18.02,18.399,17.851,237921.0
2016-10-18,17.96,18.16,18.26,17.611,203676.0
2016-10-19,18.27,18.01,19.148,17.96,257910.0
2016-10-20,17.721,17.911,18.11,17.621,126069.0
2016-10-21,17.731,18.22,18.25,17.472,133591.0
2016-10-24,18.36,18.07,18.489,17.98,105582.0
2016-10-25,18.09,18.689,19.148,17.99,206506.0
2016-10-26,18.429,18.31,18.908,18.16,121303.0
2016-10-27,18.09,18.16,18.26,17.661,107539.0
2016-10-28,17.96,17.671,18.16,17.621,80752.0
2016-10-31,17.681,17.94,18.02,17.541,67416.0
2016-11-01,17.891,18.469,18.629,17.711,135284.0
2016-11-02,18.28,18.24,18.729,18.21,116892.0
2016-11-03,18.13,18.898,19.208,17.881,180042.0
2016-11-04,18.848,18.559,19.038,18.479,109972.0
2016-11-07,18.559,18.26,18.709,18.19,73527.0
2016-11-08,18.26,19.537,20.086,18.21,384173.0
2016-11-09,19.457,18.659,19.517,18.569,206162.0
2016-11-10,18.858,19.906,20.196,18.858,214467.0
2016-11-11,19.687,20.046,20.934,19.607,227687.0
2016-11-14,19.886,19.717,20.844,19.567,174377.0
2016-11-15,19.557,19.527,19.836,19.158,108059.0
2016-11-16,19.477,19.727,19.936,19.377,84895.0
2016-11-17,19.836,19.258,19.926,19.158,78685.0
2016-11-18,19.058,18.25,19.098,18.16,166648.0
2016-11-21,18.3,18.02,18.3,17.851,91094.0
2016-11-22,17.97,18.11,18.2,17.94,65173.0
2016-11-23,18.29,17.741,18.29,17.571,67941.0
2016-11-24,17.741,17.681,17.831,17.571,57733.0
2016-11-25,17.681,18.12,18.22,17.531,84531.0
2016-11-28,18.18,17.921,18.22,17.761,53255.0
2016-11-29,17.94,17.571,17.94,17.462,54337.0
2016-11-30,17.462,17.452,17.561,17.132,46822.0
2016-12-01,17.462,17.571,17.761,17.462,36613.0
2016-12-02,17.741,16.713,17.741,16.683,63102.0
2016-12-05,16.384,16.434,16.623,16.035,41157.0
2016-12-06,16.464,16.514,16.633,16.464,30103.0
2016-12-07,16.504,16.673,16.673,16.284,38296.0
2016-12-08,16.633,16.434,16.683,16.354,28230.0
2016-12-09,16.434,16.613,16.893,16.364,44948.0
2016-12-12,16.643,14.977,16.783,14.957,71557.0
2016-12-13,14.827,15.127,15.346,14.787,41803.0
2016-12-14,15.107,15.007,15.266,14.917,31994.0
2016-12-26,15.945,16.504,16.504,15.077,36912.0
2016-12-27,16.963,16.663,17.362,16.524,114549.0
2016-12-28,16.643,16.324,16.653,16.075,59782.0
2016-12-29,16.264,15.965,16.514,15.965,44770.0
2016-12-30,16.124,15.576,16.244,15.506,44778.0
2017-01-03,15.566,15.725,15.855,15.476,32454.0
2017-01-04,15.656,15.975,16.055,15.656,38882.0
2017-01-05,16.035,16.105,16.214,15.945,36726.0
2017-01-06,16.144,15.775,16.144,15.666,32364.0
2017-01-09,15.865,16.304,16.314,15.695,44332.0
2017-01-10,16.254,16.284,16.484,16.164,45297.0
2017-01-11,16.214,16.025,16.344,15.965,32676.0
2017-01-12,15.945,15.715,16.115,15.626,27127.0
2017-01-13,15.755,15.246,15.815,15.167,32274.0
2017-01-16,15.157,14.189,15.356,13.73,46064.0
2017-01-17,14.189,14.338,14.388,13.949,27408.0
2017-01-18,14.328,14.338,14.518,14.239,21647.0
2017-01-19,14.179,14.259,14.418,14.039,24499.0
2017-01-20,14.279,14.438,14.568,14.169,28311.0
2017-01-23,14.478,14.668,14.827,14.418,22285.0
2017-01-24,14.767,14.568,14.767,14.468,16291.0
2017-01-25,14.608,14.638,14.708,14.478,15871.0
2017-01-26,14.718,14.777,14.797,14.638,20325.0
2017-02-03,14.777,15.356,15.436,14.638,47265.0
2017-02-06,15.246,15.765,16.354,15.097,66728.0
2017-02-07,15.815,15.626,15.935,15.476,41965.0
2017-02-08,15.526,15.616,15.715,15.336,31208.0
2017-02-09,15.606,15.616,15.875,15.576,33552.0
2017-02-10,15.526,15.745,16.035,15.526,55711.0
2017-02-13,15.745,15.755,15.965,15.666,30248.0
2017-02-14,15.675,15.725,15.845,15.675,20601.0
2017-02-15,15.725,15.286,15.765,15.256,29506.0
2017-02-16,15.316,15.416,15.466,15.147,28489.0
2017-02-17,15.396,15.207,15.586,15.167,30892.0
2017-02-20,15.167,15.586,15.616,15.157,30727.0
2017-02-21,15.586,15.636,15.815,15.516,33868.0
2017-02-22,15.745,15.905,15.945,15.596,42491.0
2017-02-23,15.825,15.666,15.825,15.516,36499.0
2017-02-24,15.715,15.705,15.785,15.516,24250.0
2017-02-27,15.705,15.546,15.915,15.516,30855.0
2017-02-28,15.626,15.705,15.835,15.576,22240.0
2017-03-01,15.725,15.735,15.855,15.695,31669.0
2017-03-02,15.865,15.735,15.945,15.675,30223.0
2017-03-03,15.576,15.456,15.616,15.366,32324.0
2017-03-06,15.466,15.666,15.666,15.386,31080.0
2017-03-07,15.705,15.895,15.915,15.566,52249.0
2017-03-08,15.835,15.935,16.124,15.765,46493.0
2017-03-09,15.985,15.675,16.025,15.626,34546.0
2017-03-10,15.606,15.546,15.705,15.496,22521.0
2017-03-13,15.546,15.765,15.765,15.276,27722.0
2017-03-14,15.616,15.656,15.875,15.616,25167.0
2017-03-15,15.685,15.466,15.685,15.416,24919.0
2017-03-16,15.486,16.065,16.065,15.486,68229.0
2017-03-17,16.075,15.845,16.204,15.825,63343.0
2017-03-20,15.705,16.294,16.294,15.675,58073.0
2017-03-21,16.314,16.184,16.414,16.085,69021.0
2017-03-22,16.065,16.574,16.574,15.855,96729.0
2017-03-23,16.514,16.464,16.653,16.224,85455.0
2017-03-24,16.384,16.374,16.743,16.274,77555.0
2017-03-27,16.304,16.134,16.424,16.115,56607.0
2017-03-28,16.045,16.154,16.424,16.045,40128.0
2017-03-29,16.254,16.643,17.332,16.224,160350.0
2017-03-30,16.504,16.683,17.212,16.454,156190.0
2017-03-31,16.633,16.015,16.663,15.705,104566.0
2017-04-05,15.925,16.264,16.264,15.775,58301.0
2017-04-06,16.194,16.683,16.713,16.035,105299.0
2017-04-07,16.564,16.354,16.673,16.294,68452.0
2017-04-10,16.324,15.915,16.364,15.865,63193.0
2017-04-11,15.815,16.015,16.085,15.516,69854.0
2017-04-12,16.065,15.715,16.154,15.685,48058.0
2017-04-13,15.795,16.075,16.124,15.725,40381.0
2017-04-14,15.955,15.266,15.955,15.167,62222.0
2017-04-17,15.217,14.738,15.256,14.628,43883.0
2017-04-18,14.797,14.488,14.937,14.468,24822.0
2017-04-19,14.488,14.418,14.628,14.049,38233.0
2017-04-20,14.468,14.169,14.518,13.999,30865.0
2017-04-21,14.189,14.279,14.348,14.099,18989.0
2017-04-24,14.299,14.119,14.398,13.939,25545.0
2017-04-25,14.219,14.259,14.488,14.209,23773.0
2017-04-26,14.229,14.328,14.428,14.189,18750.0
2017-04-27,14.318,14.558,14.618,14.019,39168.0
2017-04-28,14.568,14.678,14.748,14.498,24168.0
2017-05-02,14.648,14.598,14.718,14.528,16314.0
2017-05-03,14.598,14.668,14.708,14.428,23898.0
2017-05-04,14.588,14.787,15.276,14.428,46518.0
2017-05-05,14.718,14.478,14.857,14.478,38333.0
2017-05-08,14.468,13.939,14.468,13.879,33606.0
2017-05-09,13.939,14.458,14.718,13.889,58593.0
2017-05-10,14.368,14.348,14.837,14.318,58971.0
2017-05-11,14.169,14.219,14.348,13.73,38819.0
2017-05-12,14.328,14.508,14.508,14.089,31789.0
2017-05-15,14.418,14.338,14.648,14.249,28461.0
2017-05-16,14.249,14.688,14.708,14.189,29092.0
2017-05-17,14.678,14.728,14.847,14.578,32756.0
2017-05-18,14.578,14.568,14.698,14.478,20563.0
2017-05-19,14.568,14.528,14.698,14.438,18299.0
2017-05-22,14.528,14.109,14.568,14.059,20407.0
2017-05-23,14.129,13.48,14.239,13.371,25500.0
2017-05-24,13.49,13.371,13.56,12.971,27198.0
2017-05-25,13.44,13.53,13.6,13.091,23331.0
2017-05-26,13.55,13.55,13.7,13.48,17719.0
